match_key,kickoff_utc,t_lock,t_ko,stage,home,away,home_score,away_score,outcome,kalshi_event_ticker,pm_event_slug,ai_lock_p_home,ai_lock_p_draw,ai_lock_p_away,ai_lock_raw_sum,ai_lock_brier,ai_lock_log_loss,pm_lock_p_home,pm_lock_p_draw,pm_lock_p_away,pm_lock_raw_sum,pm_lock_brier,pm_lock_log_loss,pm_ko_p_home,pm_ko_p_draw,pm_ko_p_away,pm_ko_raw_sum,pm_ko_brier,pm_ko_log_loss,kalshi_lock_p_home,kalshi_lock_p_draw,kalshi_lock_p_away,kalshi_lock_raw_sum,kalshi_lock_brier,kalshi_lock_log_loss,kalshi_ko_p_home,kalshi_ko_p_draw,kalshi_ko_p_away,kalshi_ko_raw_sum,kalshi_ko_brier,kalshi_ko_log_loss
2026-06-11T19:00:00+00:00|Mexico|South Africa,2026-06-11T19:00:00+00:00,2026-06-11T06:10:00+00:00,2026-06-11T18:55:00+00:00,group,Mexico,South Africa,2,0,home,KXWCGAME-26JUN11MEXRSA,fifwc-mex-rsa-2026-06-11,0.8688,0.0664,0.0648,1.0,0.025821439999999994,0.14064232980246605,0.6884422110552765,0.20603015075376882,0.10552763819095477,0.995,0.15065276129390665,0.37332389889636736,0.681592039800995,0.21393034825870644,0.10447761194029849,1.0050000000000001,0.15806539442093015,0.3833239822309508,0.691542288557214,0.2039800995024876,0.10447761194029853,1.005,0.1476696121383134,0.3688309749283839,0.691542288557214,0.2039800995024876,0.10447761194029853,1.005,0.1476696121383134,0.3688309749283839
2026-06-12T02:00:00+00:00|South Korea|Czech Republic,2026-06-12T02:00:00+00:00,2026-06-11T06:10:00+00:00,2026-06-12T01:55:00+00:00,group,South Korea,Czech Republic,2,1,home,KXWCGAME-26JUN11KORCZE,fifwc-kr-cze-2026-06-11,0.6072,0.115,0.2778,1.0,0.24468968000000005,0.49889705290071695,0.35323383084577115,0.31343283582089554,0.33333333333333337,1.005,0.6276577312442762,1.0406250310177603,0.373134328358209,0.31343283582089554,0.31343283582089554,1.005,0.5894408554243707,0.9858167945227653,0.35678391959799,0.30653266331658297,0.3366834170854272,0.9949999999999999,0.6210449231080023,1.0306249476831768,0.36318407960199006,0.32338308457711445,0.31343283582089554,1.005,0.6083512784337022,1.0128454669106846
2026-06-12T19:00:00+00:00|Canada|Bosnia and Herzegovina,2026-06-12T19:00:00+00:00,2026-06-12T06:10:00+00:00,2026-06-12T18:55:00+00:00,group,Canada,Bosnia and Herzegovina,1,1,draw,KXWCGAME-26JUN12CANBIH,fifwc-can-bih-2026-06-12,0.7044,0.2024,0.0932,1.0,1.14103136,1.5975093415688266,0.5270935960591132,0.270935960591133,0.20197044334975367,1.0150000000000001,0.8501540925525977,1.3058727938093164,0.5323383084577115,0.2736318407960199,0.19402985074626863,1.0050000000000001,0.8486423603376154,1.295971722826605,0.5276381909547738,0.2663316582914573,0.20603015075376885,0.9950000000000001,0.8591197191990102,1.3230129111723705,0.5376884422110553,0.2663316582914573,0.19597989949748743,0.9950000000000001,0.8657862175197597,1.3230129111723705
2026-06-13T01:00:00+00:00|United States|Paraguay,2026-06-13T01:00:00+00:00,2026-06-12T06:10:00+00:00,2026-06-13T00:55:00+00:00,group,United States,Paraguay,4,1,home,KXWCGAME-26JUN12USAPAR,fifwc-usa-par-2026-06-12,0.2733726627337266,0.27697230276972307,0.44965503449655037,1.0001,0.8068905938123316,1.2969193496926212,0.472636815920398,0.2835820895522388,0.2437810945273632,1.005,0.41795995148634935,0.7494280164585349,0.4726368159203979,0.30348258706467657,0.22388059701492535,1.0050000000000001,0.4203361302938046,0.7494280164585351,0.48717948717948717,0.2820512820512821,0.23076923076923078,0.975,0.39579224194608803,0.719122666963206,0.47783251231527085,0.2906403940886699,0.23152709359605908,1.0150000000000001,0.41073551894003735,0.7384950005384047
2026-06-13T19:00:00+00:00|Qatar|Switzerland,2026-06-13T19:00:00+00:00,2026-06-13T06:10:00+00:00,2026-06-13T18:55:00+00:00,group,Qatar,Switzerland,1,1,draw,KXWCGAME-26JUN13QATSUI,fifwc-qat-che-2026-06-13,0.0609,0.1708,0.7683,1.0,1.28156634,1.7672619976276676,0.06140788816774837,0.13479780329505742,0.8037943085371942,1.0015,1.398431060349067,2.0039793766674436,0.05480140774258422,0.11563599798893917,0.8295625942684767,0.9944999999999999,1.4732769801530337,2.157307969930777,0.06467661691542288,0.13432835820895522,0.8009950248756218,1.0050000000000001,1.3951634860523252,2.0074680420547466,0.05472636815920399,0.12437810945273634,0.8208955223880597,1.005,1.4435781292542265,2.0844290831908747
2026-06-13T22:00:00+00:00|Brazil|Morocco,2026-06-13T22:00:00+00:00,2026-06-13T06:10:00+00:00,2026-06-13T21:55:00+00:00,group,Brazil,Morocco,1,1,draw,KXWCGAME-26JUN13BRAMAR,fifwc-bra-mar-2026-06-13,0.3774,0.2829,0.3397,1.0,0.77205926,1.2626618006746155,0.5763546798029557,0.2512315270935961,0.1724137931034483,1.015,0.9225654590016744,1.3813803463174614,0.5763546798029557,0.26108374384236455,0.16256157635467983,1.015,0.9046082166517023,1.3429140654896654,0.5804878048780489,0.24878048780487808,0.17073170731707318,1.025,0.9304461629982154,1.3911843464140823,0.5763546798029557,0.2512315270935961,0.1724137931034483,1.015,0.9225654590016744,1.3813803463174614
2026-06-14T01:00:00+00:00|Haiti|Scotland,2026-06-14T01:00:00+00:00,2026-06-13T06:10:00+00:00,2026-06-14T00:55:00+00:00,group,Haiti,Scotland,0,1,away,KXWCGAME-26JUN13HTISCO,fifwc-hai-sco-2026-06-13,0.20272027202720272,0.2605260526052605,0.5367536753675367,0.9999,0.3235664900623476,0.6222159947990206,0.15422885572139305,0.2238805970149254,0.6218905472636816,1.005,0.21687581990544788,0.47499117075677455,0.1658291457286432,0.22613065326633167,0.6080402010050251,0.995,0.23226686194793064,0.49751427912775137,0.16417910447761197,0.2139303482587065,0.6218905472636816,1.005,0.21568773050172024,0.47499117075677455,0.15736040609137056,0.2182741116751269,0.6243654822335025,0.985,0.21350717617047593,0.47101937336557104
2026-06-14T04:00:00+00:00|Australia|Turkey,2026-06-14T04:00:00+00:00,2026-06-13T06:10:00+00:00,2026-06-14T03:55:00+00:00,group,Australia,Turkey,2,0,home,KXWCGAME-26JUN14AUSTUR,fifwc-aus-tur-2026-06-14,0.23412341234123413,0.2693269326932693,0.4965496549654965,0.9999,0.9056655040441538,1.4519068994849387,0.18407960199004977,0.2537313432835821,0.5621890547263682,1.005,1.0461622237073338,1.6923869954148512,0.17412935323383086,0.263681592039801,0.5621890547263682,1.005,1.067646840424742,1.747956846569662,0.18226600985221678,0.2512315270935961,0.5665024630541872,1.015,1.052731199495256,1.7022880663975628,0.1724137931034483,0.26108374384236455,0.5665024630541872,1.015,1.0739886917906283,1.7578579175523736
2026-06-14T17:00:00+00:00|Germany|Curaçao,2026-06-14T17:00:00+00:00,2026-06-14T06:10:00+00:00,2026-06-14T16:55:00+00:00,group,Germany,Curaçao,7,1,home,KXWCGAME-26JUN14GERCUW,fifwc-ger-kor-2026-06-14,0.7315,0.1897,0.0788,1.0,0.11428777999999999,0.312658058521958,0.9362867098058736,0.042309606769537086,0.021403683424589346,1.0045,0.006307603836493865,0.06583353551390402,0.9367529880478087,0.04033864541832669,0.022908366533864542,1.004,0.006152184092316002,0.06533565151058948,0.9303482587064676,0.044776119402985065,0.02487562189054726,1.0050000000000001,0.007475062498453009,0.07219629120448914,0.9303482587064676,0.044776119402985065,0.02487562189054726,1.0050000000000001,0.007475062498453009,0.07219629120448914
2026-06-14T20:00:00+00:00|Netherlands|Japan,2026-06-14T20:00:00+00:00,2026-06-14T06:10:00+00:00,2026-06-14T19:55:00+00:00,group,Netherlands,Japan,2,2,draw,KXWCGAME-26JUN14NEDJPN,fifwc-nld-jpn-2026-06-14,0.33873387338733874,0.2828282828282828,0.37843784378437845,0.9999,0.7722911104991886,1.262915339959386,0.4679802955665024,0.270935960591133,0.2610837438423645,1.0150000000000001,0.8187046518964304,1.3058727938093164,0.48258706467661694,0.27363184079601993,0.2437810945273632,1.005,0.819930199747531,1.2959717228266048,0.472636815920398,0.263681592039801,0.263681592039801,1.005,0.8350783396450583,1.3330129945069538,0.48258706467661694,0.27363184079601993,0.2437810945273632,1.005,0.819930199747531,1.2959717228266048
2026-06-14T23:00:00+00:00|Ivory Coast|Ecuador,2026-06-14T23:00:00+00:00,2026-06-14T06:10:00+00:00,2026-06-14T22:55:00+00:00,group,Ivory Coast,Ecuador,1,0,home,KXWCGAME-26JUN14CIVECU,fifwc-civ-ecu-2026-06-14,0.1265,0.226,0.6475,1.0,1.2333344999999998,2.0675129708145623,0.2964824120603015,0.32663316582914576,0.3768844221105528,0.995,0.743668089189667,1.215767380818773,0.28643216080402006,0.33668341708542715,0.3768844221105528,0.995,0.7645766521047449,1.2502535568899424,0.2878048780487805,0.326829268292683,0.38536585365853665,1.025,0.7625461035098157,1.2454725352326885,0.28078817733990147,0.33004926108374383,0.38916256157635465,1.0150000000000001,0.7776456599286563,1.270154711207237
2026-06-15T02:00:00+00:00|Sweden|Tunisia,2026-06-15T02:00:00+00:00,2026-06-14T06:10:00+00:00,2026-06-15T01:55:00+00:00,group,Sweden,Tunisia,5,1,home,KXWCGAME-26JUN14SWETUN,fifwc-swe-tun-2026-06-14,0.4007,0.2818,0.3175,1.0,0.5393779799999999,0.9145422613400381,0.5024875621890547,0.2736318407960199,0.22388059701492535,1.0050000000000001,0.3725155317937675,0.6881843912178164,0.507537688442211,0.28643216080402006,0.20603015075376882,0.995,0.36701093406732155,0.678184307883233,0.5124378109452736,0.2736318407960199,0.21393034825870644,1.0050000000000001,0.35835746639934657,0.66857591982944,0.5175879396984924,0.2864321608040201,0.19597989949748743,0.9950000000000001,0.35317289967425075,0.6585758364948568
2026-06-15T16:00:00+00:00|Spain|Cape Verde,2026-06-15T16:00:00+00:00,2026-06-15T06:10:00+00:00,2026-06-15T15:55:00+00:00,group,Spain,Cape Verde,0,0,draw,KXWCGAME-26JUN15ESPCPV,fifwc-esp-cvi-2026-06-15,0.8776,0.103,0.0194,1.0,1.57516712,2.2730262907525014,0.9118086696562032,0.0637767812655705,0.024414549078226207,1.0035,1.7085050355643636,2.752366084876721,0.8994974874371859,0.07085427135678392,0.02964824120603015,0.995,1.6732865331683544,2.6471300273403697,0.91044776119403,0.0646766169154229,0.02487562189054727,1.005,1.7043637533724416,2.738355550597539,0.9187817258883249,0.055837563451776644,0.025380710659898477,0.9850000000000001,1.7362467468886085,2.8853084559396183
2026-06-15T19:00:00+00:00|Belgium|Egypt,2026-06-15T19:00:00+00:00,2026-06-15T06:10:00+00:00,2026-06-15T18:55:00+00:00,group,Belgium,Egypt,1,1,draw,KXWCGAME-26JUN15BELEGY,fifwc-bel-egy-2026-06-15,0.5079,0.267,0.2251,1.0,0.8459214200000001,1.3205066205818874,0.6119402985074628,0.2338308457711443,0.15422885572139305,1.005,0.985272641766293,1.453157306349017,0.6582914572864322,0.21608040201005024,0.12562814070351758,0.995,1.063660008585642,1.53210470903093,0.6019900497512438,0.2338308457711443,0.16417910447761197,1.005,0.9763619712383357,1.453157306349017,0.642512077294686,0.2270531400966183,0.13043478260869565,1.0350000000000001,1.0272818502182082,1.4825711915553106
2026-06-15T22:00:00+00:00|Saudi Arabia|Uruguay,2026-06-15T22:00:00+00:00,2026-06-15T06:10:00+00:00,2026-06-15T21:55:00+00:00,group,Saudi Arabia,Uruguay,1,1,draw,KXWCGAME-26JUN15KSAURU,fifwc-ksa-ury-2026-06-15,0.13071307130713072,0.2286228622862286,0.6406640664066406,0.9999,1.0225590415827261,1.4756815226210935,0.11557788944723617,0.22613065326633164,0.6582914572864321,0.9950000000000001,1.0455796570793667,1.4866423349541726,0.12437810945273634,0.2338308457711443,0.6417910447761195,1.005,1.01438083215762,1.453157306349017,0.11442786069651742,0.2238805970149254,0.6616915422885573,1.005,1.0532907601297,1.4966424182887559,0.12437810945273634,0.2338308457711443,0.6417910447761195,1.005,1.01438083215762,1.453157306349017
2026-06-16T01:00:00+00:00|Iran|New Zealand,2026-06-16T01:00:00+00:00,2026-06-15T06:10:00+00:00,2026-06-16T00:55:00+00:00,group,Iran,New Zealand,2,2,draw,KXWCGAME-26JUN15IRINZL,fifwc-irn-nzl-2026-06-15,0.569,0.2518,0.1792,1.0,0.9156768799999999,1.37912015737189,0.5024875621890547,0.28358208955223874,0.21393034825870644,1.0050000000000001,0.811514566471127,1.260253640224526,0.5124378109452736,0.28358208955223874,0.20398009950248752,1.0050000000000001,0.8174550134897651,1.260253640224526,0.5073891625615763,0.28078817733990147,0.21182266009852213,1.0150000000000001,0.8195782474702127,1.270154711207237,0.5223880597014925,0.2736318407960199,0.20398009950248755,1.0050000000000001,0.8421078686171133,1.295971722826605
2026-06-16T19:00:00+00:00|France|Senegal,2026-06-16T19:00:00+00:00,2026-06-16T06:10:00+00:00,2026-06-16T18:55:00+00:00,group,France,Senegal,3,1,home,KXWCGAME-26JUN16FRASEN,fifwc-fra-sen-2026-06-16,0.5921,0.2452,0.1627,1.0,0.25297674000000003,0.5240797394444067,0.6517412935323385,0.2139303482587065,0.13432835820895525,1.005,0.18509442835573367,0.428107584857924,0.6517412935323385,0.2139303482587065,0.13432835820895525,1.005,0.18509442835573367,0.428107584857924,0.6517412935323385,0.2139303482587065,0.13432835820895525,1.005,0.18509442835573367,0.428107584857924,0.6551724137931034,0.21182266009852213,0.1330049261083744,1.0150000000000001,0.18146521390958287,0.4228568508200336
2026-06-16T22:00:00+00:00|Iraq|Norway,2026-06-16T22:00:00+00:00,2026-06-16T06:10:00+00:00,2026-06-16T21:55:00+00:00,group,Iraq,Norway,1,4,away,KXWCGAME-26JUN16IRQNOR,fifwc-irq-nor-2026-06-16,0.1274,0.2265,0.6461,1.0,0.19277822,0.4368009884180173,0.05527638190954774,0.1256281407035176,0.8190954773869347,0.9949999999999999,0.05156435443549406,0.19955462391773007,0.06467661691542288,0.1442786069651741,0.7910447761194029,1.0050000000000001,0.068661666790426,0.2344007058388443,0.06532663316582914,0.12562814070351758,0.8090452261306532,0.9950000000000001,0.05651372440089898,0.21190045974002947,0.07389162561576355,0.14285714285714285,0.7832512315270935,1.0150000000000001,0.0728481642359679,0.2443017768215559
2026-06-17T01:00:00+00:00|Argentina|Algeria,2026-06-17T01:00:00+00:00,2026-06-16T06:10:00+00:00,2026-06-17T00:55:00+00:00,group,Argentina,Algeria,3,0,home,KXWCGAME-26JUN16ARGDZA,fifwc-arg-alg-2026-06-16,0.6294,0.2327,0.1379,1.0,0.21051006,0.46298829435183064,0.691542288557214,0.20398009950248758,0.10447761194029852,1.005,0.1476696121383134,0.3688309749283839,0.6318407960199006,0.2338308457711443,0.13432835820895525,1.005,0.20826217172842248,0.4591178216004843,0.691542288557214,0.2039800995024876,0.10447761194029853,1.005,0.1476696121383134,0.3688309749283839,0.6318407960199006,0.2338308457711443,0.13432835820895525,1.005,0.20826217172842248,0.4591178216004843
2026-06-17T04:00:00+00:00|Austria|Jordan,2026-06-17T04:00:00+00:00,2026-06-16T06:10:00+00:00,2026-06-17T03:55:00+00:00,group,Austria,Jordan,3,1,home,KXWCGAME-26JUN17AUTJOR,fifwc-aut-jor-2026-06-17,0.4537,0.2764,0.2699,1.0,0.44768666,0.7903190923122189,0.7185929648241206,0.17587939698492464,0.10552763819095479,0.9949999999999999,0.12125956415242041,0.33046019446458513,0.6984924623115578,0.19597989949748745,0.10552763819095479,0.9949999999999999,0.14045099871215372,0.3588308915938006,0.7213930348258707,0.17412935323383086,0.10447761194029853,1.005,0.11885844409791835,0.3265711656385013,0.6945812807881774,0.20197044334975373,0.10344827586206899,1.015,0.14477419981072095,0.364446088663619
2026-06-17T17:00:00+00:00|Portugal|DR Congo,2026-06-17T17:00:00+00:00,2026-06-17T06:10:00+00:00,2026-06-17T16:55:00+00:00,group,Portugal,DR Congo,1,1,draw,KXWCGAME-26JUN17PORCOD,fifwc-prt-cdr-2026-06-17,0.6084,0.2397,0.1519,1.0,0.9712802599999999,1.4283671375417983,0.7512437810945275,0.17412935323383086,0.0746268656716418,1.005,1.2519987129031462,1.747956846569662,0.7611940298507462,0.16417910447761194,0.07462686567164178,1.0050000000000001,1.2835820895522387,1.8067973465925955,0.7587939698492462,0.1658291457286432,0.07537688442211056,0.9950000000000001,1.2772909775005683,1.7967972632580123,0.7688442211055275,0.1658291457286432,0.06532663316582914,0.9950000000000001,1.2912300194439532,1.7967972632580123
2026-06-17T20:00:00+00:00|England|Croatia,2026-06-17T20:00:00+00:00,2026-06-17T06:10:00+00:00,2026-06-17T19:55:00+00:00,group,England,Croatia,4,2,home,KXWCGAME-26JUN17ENGCRO,fifwc-eng-hrv-2026-06-17,0.5287000000000001,0.26250000000000007,0.20880000000000004,0.9999999999999999,0.33462738000000003,0.6373341157407324,0.5678391959798995,0.25628140703517593,0.17587939698492464,0.9949999999999999,0.2833766824070099,0.5659170060121518,0.5879396984924623,0.24623115577889446,0.1658291457286432,0.995,0.25792277972778466,0.5311308899267363,0.5665024630541872,0.2512315270935961,0.18226600985221678,1.015,0.28425829309131506,0.5682738506785373,0.582089552238806,0.2537313432835821,0.16417910447761197,1.005,0.26598351525952324,0.5411309732613196
2026-06-17T23:00:00+00:00|Ghana|Panama,2026-06-17T23:00:00+00:00,2026-06-17T06:10:00+00:00,2026-06-17T22:55:00+00:00,group,Ghana,Panama,1,0,home,KXWCGAME-26JUN17GHAPAN,fifwc-gha-pan-2026-06-17,0.1563,0.2422,0.6015,1.0,1.13229278,1.8559780415547062,0.4170854271356784,0.2964824120603015,0.2864321608040201,0.9949999999999999,0.5097346026615489,0.8744642169278944,0.3930348258706468,0.31343283582089554,0.2935323383084577,1.005,0.5528080988094353,0.9338570555920541,0.4271356783919598,0.2864321608040201,0.2864321608040201,0.995,0.49226029645716024,0.8506535682341759,0.39698492462311563,0.30653266331658297,0.2964824120603015,0.9949999999999999,0.5454912754728416,0.9238569722574708
2026-06-18T02:00:00+00:00|Uzbekistan|Colombia,2026-06-18T02:00:00+00:00,2026-06-17T06:10:00+00:00,2026-06-18T01:55:00+00:00,group,Uzbekistan,Colombia,1,3,away,KXWCGAME-26JUN17UZBCOL,fifwc-uzb-col-2026-06-17,0.15828417158284172,0.24307569243075694,0.5986401359864014,1.0001,0.24522941166537277,0.5130946360511639,0.09452736318407962,0.1940298507462687,0.7114427860696518,1.005,0.12984827108239894,0.3404602777991683,0.0746268656716418,0.17412935323383086,0.7512437810945275,1.005,0.09776985718175286,0.2860250712441512,0.09547738693467336,0.19597989949748745,0.7085427135678392,0.995,0.13247140223731727,0.34454493434632416,0.07462686567164181,0.17412935323383086,0.7512437810945275,1.005,0.09776985718175288,0.2860250712441512
2026-06-18T16:00:00+00:00|Czech Republic|South Africa,2026-06-18T16:00:00+00:00,2026-06-18T06:10:00+00:00,2026-06-18T15:55:00+00:00,group,Czech Republic,South Africa,1,1,draw,KXWCGAME-26JUN18CZERSA,fifwc-cze-rsa-2026-06-18,0.4808,0.2722,0.247,1.0,0.8218704800000001,1.3012181887647714,0.5175879396984925,0.2663316582914573,0.21608040201005024,0.995,0.8528572510795183,1.3230129111723705,0.5024875621890547,0.28358208955223874,0.21393034825870644,1.0050000000000001,0.811514566471127,1.260253640224526,0.5276381909547739,0.2562814070351759,0.21608040201005024,0.995,0.8782101462084292,1.3614791920001665,0.5024875621890547,0.29353233830845765,0.20398009950248755,1.0050000000000001,0.7931981881636594,1.2257674641533565
2026-06-18T19:00:00+00:00|Switzerland|Bosnia and Herzegovina,2026-06-18T19:00:00+00:00,2026-06-18T06:10:00+00:00,2026-06-18T18:55:00+00:00,group,Switzerland,Bosnia and Herzegovina,4,1,home,KXWCGAME-26JUN18SUIBIH,fifwc-che-bih-2026-06-18,0.6407,0.2286,0.1307,1.0,0.19843693999999995,0.4451939503371611,0.6218905472636816,0.2338308457711443,0.14427860696517414,1.005,0.21845993911041806,0.47499117075677455,0.6218905472636816,0.2338308457711443,0.14427860696517414,1.005,0.21845993911041806,0.47499117075677455,0.628140703517588,0.22613065326633167,0.14572864321608042,0.995,0.21065124618065195,0.4649910874221912,0.6218905472636816,0.2338308457711443,0.14427860696517417,1.005,0.21845993911041806,0.47499117075677455
2026-06-18T22:00:00+00:00|Canada|Qatar,2026-06-18T22:00:00+00:00,2026-06-18T06:10:00+00:00,2026-06-18T21:55:00+00:00,group,Canada,Qatar,6,0,home,KXWCGAME-26JUN18CANQAT,fifwc-can-qat-2026-06-18,0.7443744374437443,0.18321832183218323,0.07240724072407241,0.9999,0.10415619019647743,0.29521109461593875,0.7611940298507462,0.16417910447761194,0.07462686567164178,1.0050000000000001,0.08955223880597016,0.27286698666664033,0.7733990147783251,0.1527093596059113,0.07389162561576354,1.0150000000000001,0.08012812735082143,0.25696017369347934,0.7512437810945273,0.16417910447761194,0.08457711442786067,1.0050000000000001,0.09598772307616152,0.28602507124415155,0.7733990147783251,0.1527093596059113,0.07389162561576355,1.0150000000000001,0.08012812735082143,0.25696017369347934
2026-06-19T01:00:00+00:00|Mexico|South Korea,2026-06-19T01:00:00+00:00,2026-06-18T06:10:00+00:00,2026-06-19T00:55:00+00:00,group,Mexico,South Korea,1,0,home,KXWCGAME-26JUN18MEXKOR,fifwc-mex-kr-2026-06-18,0.48184818481848185,0.27202720272027203,0.24612461246124615,0.9999,0.4030574274549167,0.7301261838010327,0.472636815920398,0.2935323383084577,0.2338308457711443,1.005,0.4189500259894558,0.7494280164585349,0.46733668341708545,0.3065326633165829,0.22613065326633167,0.995,0.42882755485972573,0.7607053315712364,0.4773869346733668,0.2864321608040201,0.23618090452261306,0.995,0.4109492184540795,0.7394279331239516,0.4773869346733668,0.2964824120603015,0.22613065326633167,0.995,0.41216130905785214,0.7394279331239516
2026-06-19T19:00:00+00:00|United States|Australia,2026-06-19T19:00:00+00:00,2026-06-19T06:10:00+00:00,2026-06-19T18:55:00+00:00,group,United States,Australia,2,0,home,KXWCGAME-26JUN19USAAUS,fifwc-usa-aus-2026-06-19,0.37603760376037604,0.28212821282128214,0.3418341834183418,0.9999,0.5857760093441087,0.9780661305919092,0.6142131979695431,0.2182741116751269,0.16751269035532995,0.985,0.22453554587853336,0.4874131831412475,0.6119402985074628,0.2238805970149254,0.16417910447761197,1.005,0.22766763198930715,0.4911205526866581,0.6119402985074628,0.2139303482587065,0.17412935323383086,1.005,0.22667755748620078,0.4911205526866581,0.6157635467980296,0.2118226600985222,0.1724137931034483,1.015,0.22223300735276275,0.48489224173948614
2026-06-19T22:00:00+00:00|Scotland|Morocco,2026-06-19T22:00:00+00:00,2026-06-19T06:10:00+00:00,2026-06-19T21:55:00+00:00,group,Scotland,Morocco,0,1,away,KXWCGAME-26JUN19SCOMAR,fifwc-sco-mar-2026-06-19,0.2514,0.2731,0.4755,1.0,0.41288582,0.7433883969966921,0.17587939698492458,0.2663316582914573,0.5577889447236181,0.9950000000000001,0.2974167319007096,0.5837746234121584,0.15577889447236182,0.2663316582914573,0.5778894472361809,0.995,0.2733769349258858,0.5483726963612424,0.18226600985221678,0.26108374384236455,0.5566502463054187,1.015,0.29794462374723973,0.5858181603294468,0.1527093596059113,0.2610837438423645,0.5862068965517241,1.0150000000000001,0.26270960227134854,0.534082485930258
2026-06-20T00:30:00+00:00|Brazil|Haiti,2026-06-20T00:30:00+00:00,2026-06-19T06:10:00+00:00,2026-06-20T00:25:00+00:00,group,Brazil,Haiti,3,0,home,KXWCGAME-26JUN19BRAHTI,fifwc-bra-hai-2026-06-19,0.7356,0.1877,0.0767,1.0,0.11102154,0.307068786251971,0.8832335329341318,0.08233532934131738,0.0344311377245509,1.002,0.021599017533794684,0.12416563663688057,0.8762376237623762,0.07871287128712871,0.04504950495049505,1.01,0.023542299774531907,0.13211796482737562,0.8805970149253732,0.07462686567164181,0.04477611940298508,1.005,0.02183114279349519,0.1271551754852465,0.8719211822660099,0.07389162561576357,0.054187192118226604,1.015,0.024800407677934424,0.13705624646795814
2026-06-20T03:00:00+00:00|Turkey|Paraguay,2026-06-20T03:00:00+00:00,2026-06-19T06:10:00+00:00,2026-06-20T02:55:00+00:00,group,Turkey,Paraguay,0,1,away,KXWCGAME-26JUN19TURPAR,fifwc-tur-par-2026-06-19,0.4132,0.2805,0.3063,1.0,0.73063418,1.1831902651434074,0.46733668341708545,0.28643216080402006,0.24623115577889446,0.995,0.8686144289285624,1.4014845266138658,0.45728643216080406,0.2964824120603015,0.24623115577889446,0.995,0.8651801722178734,1.4014845266138658,0.472636815920398,0.28358208955223885,0.2437810945273632,1.005,0.875671394272419,1.411484609948449,0.472636815920398,0.28358208955223885,0.2437810945273632,1.005,0.875671394272419,1.411484609948449
2026-06-20T17:00:00+00:00|Netherlands|Sweden,2026-06-20T17:00:00+00:00,2026-06-20T06:10:00+00:00,2026-06-20T16:55:00+00:00,group,Netherlands,Sweden,5,1,home,KXWCGAME-26JUN20NEDSWE,fifwc-nld-swe-2026-06-20,0.52004799520048,0.26447355264473554,0.21547845215478453,1.0001,0.34673115030262797,0.6538341732034436,0.5721393034825871,0.2338308457711443,0.1940298507462687,1.005,0.2753892230390337,0.5583727796958255,0.5678391959798995,0.2361809045226131,0.19597989949748745,0.9949999999999999,0.2809525011994647,0.5659170060121518,0.5609756097560976,0.23902439024390246,0.20000000000000004,1.025,0.2898750743604997,0.578077850775158,0.5721393034825871,0.2338308457711443,0.1940298507462687,1.005,0.2753892230390337,0.5583727796958255
2026-06-20T20:00:00+00:00|Germany|Ivory Coast,2026-06-20T20:00:00+00:00,2026-06-20T06:10:00+00:00,2026-06-20T19:55:00+00:00,group,Germany,Ivory Coast,2,1,home,KXWCGAME-26JUN20GERCIV,fifwc-ger-civ-2026-06-20,0.5268526852685269,0.2628262826282628,0.2103210321032103,0.9999,0.3371809728227548,0.6408343041126776,0.6417910447761195,0.20398009950248758,0.15422885572139305,1.005,0.19370807653275904,0.4434925036974035,0.6683417085427136,0.19597989949748743,0.135678391959799,0.9950000000000001,0.16681396934420847,0.4029556965027386,0.6417910447761194,0.20398009950248755,0.15422885572139303,1.0050000000000001,0.1937080765327591,0.4434925036974037,0.6683417085427136,0.19597989949748743,0.135678391959799,0.9950000000000001,0.16681396934420847,0.4029556965027386
2026-06-21T00:00:00+00:00|Ecuador|Curaçao,2026-06-21T00:00:00+00:00,2026-06-20T06:10:00+00:00,2026-06-20T23:55:00+00:00,group,Ecuador,Curaçao,0,0,draw,KXWCGAME-26JUN20ECUCUW,fifwc-ecu-kor-2026-06-20,0.7544754475447544,0.17811781178117814,0.0674067406740674,0.9999,1.2492672009475172,1.7253100836861877,0.8632734530938123,0.09481037924151697,0.04191616766467066,1.002,1.566366269457094,2.355876390044269,0.8395429706905116,0.10432190760059612,0.056135121708892205,1.0065,1.5102227967293564,2.2602738949223227,0.8606965174129354,0.09452736318407962,0.04477611940298508,1.005,1.5626840919779215,2.358865928892635,0.832512315270936,0.10344827586206899,0.06403940886699508,1.015,1.5009827950205055,2.268683541318364
2026-06-21T04:00:00+00:00|Tunisia|Japan,2026-06-21T04:00:00+00:00,2026-06-20T06:10:00+00:00,2026-06-21T03:55:00+00:00,group,Tunisia,Japan,0,4,away,KXWCGAME-26JUN21TUNJPN,fifwc-tun-jpn-2026-06-21,0.06999300069993002,0.18088191180881913,0.7491250874912508,1.0001,0.10055550789286637,0.28884930341253695,0.1457286432160804,0.23618090452261306,0.6180904522613065,0.995,0.2228731597686927,0.48112046935207486,0.11330049261083742,0.22167487684729062,0.6650246305418719,1.0150000000000001,0.17418525079472932,0.4079312006033579,0.14572864321608042,0.23618090452261306,0.6180904522613065,0.995,0.2228731597686927,0.48112046935207486,0.11330049261083741,0.22167487684729062,0.6650246305418719,1.0150000000000001,0.17418525079472932,0.4079312006033579
2026-06-21T16:00:00+00:00|Spain|Saudi Arabia,2026-06-21T16:00:00+00:00,2026-06-21T06:10:00+00:00,2026-06-21T15:55:00+00:00,group,Spain,Saudi Arabia,4,0,home,KXWCGAME-26JUN21ESPKSA,fifwc-esp-ksa-2026-06-21,0.8339000000000001,0.13240000000000002,0.03370000000000001,0.9999999999999999,0.04625465999999998,0.18164178788919727,0.8801591248135255,0.08453505718547986,0.03530581800099453,1.0055,0.02275451204353185,0.1276525642047773,0.8863294942413621,0.07511266900350526,0.0385578367551327,0.9984999999999999,0.02004960369949014,0.12066650784794034,0.8719211822660099,0.08374384236453201,0.04433497536945813,1.015,0.025382804727122704,0.13705624646795814,0.8894472361809045,0.07537688442211056,0.03517587939698493,0.995,0.019140930784576158,0.11715509215066329
2026-06-21T19:00:00+00:00|Belgium|Iran,2026-06-21T19:00:00+00:00,2026-06-21T06:10:00+00:00,2026-06-21T18:55:00+00:00,group,Belgium,Iran,0,0,draw,KXWCGAME-26JUN21BELIRI,fifwc-bel-irn-2026-06-21,0.4595,0.2756,0.2649,1.0,0.8060676199999999,1.2888047398426334,0.678391959798995,0.20603015075376882,0.11557788944723618,0.995,1.1039620211610819,1.5797327580201848,0.691542288557214,0.20398009950248758,0.10447761194029852,1.005,1.1227939902477664,1.5897328413547678,0.6716417910447761,0.20398009950248755,0.12437810945273631,1.0050000000000001,1.100220291576941,1.589732841354768,0.691542288557214,0.2039800995024876,0.10447761194029853,1.005,1.1227939902477664,1.5897328413547678
2026-06-21T22:00:00+00:00|Uruguay|Cape Verde,2026-06-21T22:00:00+00:00,2026-06-21T06:10:00+00:00,2026-06-21T21:55:00+00:00,group,Uruguay,Cape Verde,2,2,draw,KXWCGAME-26JUN21URUCPV,fifwc-ury-cvi-2026-06-21,0.6482648264826483,0.22572257225722572,0.126012601260126,0.9999,1.0356319960428886,1.4884485901583138,0.6683417085427136,0.22613065326633167,0.10552763819095477,0.995,1.0566904876139493,1.4866423349541726,0.7014925373134329,0.20398009950248758,0.09452736318407962,1.005,1.1346748842850425,1.5897328413547678,0.6683417085427136,0.22613065326633167,0.10552763819095479,0.995,1.0566904876139493,1.4866423349541726,0.7014925373134329,0.2039800995024876,0.09452736318407962,1.005,1.1346748842850425,1.5897328413547678
2026-06-22T01:00:00+00:00|New Zealand|Egypt,2026-06-22T01:00:00+00:00,2026-06-21T06:10:00+00:00,2026-06-22T00:55:00+00:00,group,New Zealand,Egypt,1,3,away,KXWCGAME-26JUN21NZLEGY,fifwc-nzl-egy-2026-06-21,0.2414,0.271,0.4876,1.0,0.39426871999999996,0.7182598813750206,0.16417910447761197,0.2338308457711443,0.6019900497512438,1.005,0.2400435632781367,0.5075143624623346,0.16417910447761197,0.2437810945273632,0.592039800995025,1.005,0.25281552436820864,0.5241814149475462,0.16417910447761197,0.2338308457711443,0.6019900497512438,1.005,0.2400435632781367,0.5075143624623346,0.1724137931034483,0.2413793103448276,0.5862068965517242,1.015,0.25921521997621877,0.5340824859302579
2026-06-22T17:00:00+00:00|Argentina|Austria,2026-06-22T17:00:00+00:00,2026-06-22T06:10:00+00:00,2026-06-22T16:55:00+00:00,group,Argentina,Austria,2,0,home,KXWCGAME-26JUN22ARGAUT,fifwc-arg-aut-2026-06-22,0.6337633763376338,0.23112311231123112,0.1351135113511351,0.9999,0.20580281850567292,0.45607961765233235,0.6551724137931034,0.22167487684729062,0.1231527093596059,1.0150000000000001,0.18321240505714773,0.4228568508200336,0.6716417910447761,0.22388059701492535,0.10447761194029849,1.0050000000000001,0.1688572065047895,0.3980301296206464,0.6616915422885573,0.2238805970149254,0.11442786069651742,1.005,0.17766886958243602,0.41295577983732185,0.681592039800995,0.21393034825870644,0.1044776119402985,1.0050000000000001,0.15806539442093015,0.3833239822309508
2026-06-22T21:00:00+00:00|France|Iraq,2026-06-22T21:00:00+00:00,2026-06-22T06:10:00+00:00,2026-06-22T20:55:00+00:00,group,France,Iraq,3,0,home,KXWCGAME-26JUN22FRAIRQ,fifwc-fra-irq-2026-06-22,0.7604239576042395,0.17498250174982502,0.06459354064593541,1.0001,0.09218788150182085,0.27387916228312287,0.9009457441513191,0.0746640119462419,0.024390243902439025,1.0045,0.01598134427926495,0.10431024055506292,0.91183879093199,0.06549118387909321,0.02267002518891688,0.9924999999999999,0.012575423992284684,0.09229206886141922,0.8994974874371859,0.07537688442211056,0.02512562814070352,0.995,0.016413726926087724,0.10591901888373739,0.91044776119403,0.0646766169154229,0.02487562189054727,1.005,0.012821464815227314,0.0938187552176546
2026-06-23T00:00:00+00:00|Norway|Senegal,2026-06-23T00:00:00+00:00,2026-06-22T06:10:00+00:00,2026-06-22T23:55:00+00:00,group,Norway,Senegal,3,2,home,KXWCGAME-26JUN22NORSEN,fifwc-nor-sen-2026-06-22,0.5487,0.2575,0.1938,1.0,0.30753638000000005,0.6002034349172074,0.4328358208955224,0.27363184079601993,0.2935323383084577,1.005,0.48271082398950516,0.8373967894044919,0.38693467336683424,0.2864321608040201,0.32663316582914576,0.9949999999999999,0.5645817024822606,0.9494994028708084,0.43718592964824127,0.26633165829145733,0.2964824120603015,0.9949999999999999,0.47559405065528654,0.8273967060699086,0.3990147783251231,0.28078817733990147,0.32019704433497537,1.0150000000000001,0.542551384406319,0.9187568243693487
2026-06-23T03:00:00+00:00|Jordan|Algeria,2026-06-23T03:00:00+00:00,2026-06-22T06:10:00+00:00,2026-06-23T02:55:00+00:00,group,Jordan,Algeria,1,2,away,KXWCGAME-26JUN22JORDZA,fifwc-jor-alg-2026-06-22,0.20782078207820784,0.2622262226222622,0.52995299529953,0.9999,0.33289625592222183,0.6349669644830872,0.15422885572139305,0.2238805970149254,0.6218905472636816,1.005,0.21687581990544788,0.47499117075677455,0.13432835820895525,0.20398009950248758,0.6616915422885573,1.005,0.1741046013712531,0.41295577983732185,0.15577889447236182,0.22613065326633167,0.6180904522613065,0.995,0.22125703896366256,0.48112046935207486,0.13432835820895522,0.20398009950248755,0.6616915422885572,1.0050000000000001,0.1741046013712532,0.412955779837322
2026-06-23T17:00:00+00:00|Portugal|Uzbekistan,2026-06-23T17:00:00+00:00,2026-06-23T06:10:00+00:00,2026-06-23T16:55:00+00:00,group,Portugal,Uzbekistan,5,0,home,KXWCGAME-26JUN23PORUZB,fifwc-prt-uzb-2026-06-23,0.5911,0.2455,0.1634,1.0,0.25416902,0.5257700711518133,0.8407960199004976,0.11442786069651743,0.04477611940298508,1.005,0.04044454345189474,0.1734061931360022,0.8507462686567165,0.10447761194029852,0.04477611940298508,1.005,0.03519714858543102,0.16164135155641576,0.8407960199004976,0.10447761194029853,0.05472636815920399,1.005,0.03925645404816712,0.1734061931360022,0.852216748768473,0.10344827586206899,0.04433497536945813,1.015,0.03450702516440582,0.1599143845440083
2026-06-23T20:00:00+00:00|England|Ghana,2026-06-23T20:00:00+00:00,2026-06-23T06:10:00+00:00,2026-06-23T19:55:00+00:00,group,England,Ghana,0,0,draw,KXWCGAME-26JUN23ENGGHA,fifwc-eng-gha-2026-06-23,0.7828,0.1629,0.0543,1.0,1.3164607400000001,1.8146187633741377,0.8190954773869347,0.12562814070351758,0.05527638190954774,0.995,1.4384990278023282,2.0744289998562917,0.8391959798994975,0.11557788944723618,0.04522613065326633,0.995,1.4884977652079494,2.1578106087953426,0.8029556650246306,0.13300492610837442,0.06403940886699508,1.015,1.4005193040355262,2.017369113037458,0.8407960199004976,0.11442786069651742,0.04477611940298508,1.005,1.493180861859855,2.167810692129926
2026-06-23T23:00:00+00:00|Panama|Croatia,2026-06-23T23:00:00+00:00,2026-06-23T06:10:00+00:00,2026-06-23T22:55:00+00:00,group,Panama,Croatia,0,1,away,KXWCGAME-26JUN23PANCRO,fifwc-pan-hrv-2026-06-23,0.2114,0.2633,0.5253,1.0,0.33935694,0.6437857510222212,0.12437810945273634,0.2238805970149254,0.6517412935323385,1.005,0.1868765624613251,0.428107584857924,0.1144278606965174,0.20398009950248752,0.681592039800995,1.0050000000000001,0.15608524541471744,0.3833239822309508,0.1231527093596059,0.23152709359605908,0.645320197044335,1.0150000000000001,0.19456914751631924,0.4380086558406358,0.11330049261083744,0.20197044334975373,0.6847290640394089,1.015,0.15302482467422163,0.3787320459110955
2026-06-24T02:00:00+00:00|Colombia|DR Congo,2026-06-24T02:00:00+00:00,2026-06-23T06:10:00+00:00,2026-06-24T01:55:00+00:00,group,Colombia,DR Congo,1,0,home,KXWCGAME-26JUN23COLCOD,fifwc-col-cdr-2026-06-23,0.671,0.2165,0.1125,1.0,0.1677695,0.3989861420104552,0.6318407960199006,0.2338308457711443,0.13432835820895525,1.005,0.20826217172842248,0.4591178216004843,0.6381909547738693,0.23618090452261306,0.12562814070351758,0.995,0.20246963460518672,0.4491177382659011,0.6381909547738693,0.22613065326633167,0.135678391959799,0.995,0.200449483598899,0.4491177382659011,0.6417910447761195,0.2338308457711443,0.12437810945273634,1.005,0.19846043414766956,0.4434925036974035
2026-06-24T19:00:00+00:00|Bosnia and Herzegovina|Qatar,2026-06-24T19:00:00+00:00,2026-06-24T06:10:00+00:00,2026-06-24T18:55:00+00:00,group,Bosnia and Herzegovina,Qatar,3,1,home,KXWCGAME-26JUN24BIHQAT,fifwc-bih-qat-2026-06-24,0.407040704070407,0.3307330733073307,0.2622262226222622,0.9999,0.5297476842393711,0.8988420885392089,0.6984924623115578,0.17587939698492464,0.1256281407035176,0.9949999999999999,0.13762278730335092,0.3588308915938006,0.691542288557214,0.18407960199004977,0.12437810945273634,1.005,0.14450137372837302,0.3688309749283839,0.6945812807881774,0.18226600985221678,0.12315270935960593,1.015,0.1416680822150501,0.364446088663619,0.691542288557214,0.18407960199004977,0.12437810945273634,1.005,0.14450137372837302,0.3688309749283839
2026-06-24T19:00:00+00:00|Switzerland|Canada,2026-06-24T19:00:00+00:00,2026-06-24T06:10:00+00:00,2026-06-24T18:55:00+00:00,group,Switzerland,Canada,2,1,home,KXWCGAME-26JUN24SUICAN,fifwc-che-can-2026-06-24,0.31756824317568244,0.33586641335866413,0.34656534346565343,1.0001,0.6986268876362038,1.1470625446094898,0.4088669950738916,0.3103448275862069,0.28078817733990147,1.015,0.5245941420563468,0.8943653712451894,0.3768844221105528,0.32663316582914576,0.2964824120603015,0.9949999999999999,0.5828640690891644,0.9758167111881819,0.40886699507389157,0.31034482758620685,0.28078817733990147,1.0150000000000001,0.5245941420563469,0.8943653712451896,0.373134328358209,0.32338308457711445,0.3034825870646766,1.005,0.5896388703249921,0.9858167945227653
2026-06-24T22:00:00+00:00|Morocco|Haiti,2026-06-24T22:00:00+00:00,2026-06-24T06:10:00+00:00,2026-06-24T21:55:00+00:00,group,Morocco,Haiti,4,2,home,KXWCGAME-26JUN24MARHTI,fifwc-mar-hai-2026-06-24,0.6851,0.2357,0.0792,1.0,0.16098913999999998,0.3781904659732836,0.829145728643216,0.12562814070351758,0.04522613065326633,0.995,0.047019014671346705,0.18735935082391186,0.7563451776649747,0.15736040609137056,0.08629441624365483,0.985,0.09157669612718697,0.2792574227925293,0.8208955223880597,0.12437810945273634,0.05472636815920399,1.005,0.05054330338357961,0.1973594341584951,0.7512437810945273,0.16417910447761194,0.08457711442786067,1.0050000000000001,0.09598772307616152,0.28602507124415155
2026-06-24T22:00:00+00:00|Scotland|Brazil,2026-06-24T22:00:00+00:00,2026-06-24T06:10:00+00:00,2026-06-24T21:55:00+00:00,group,Scotland,Brazil,0,3,away,KXWCGAME-26JUN24SCOBRA,fifwc-sco-bra-2026-06-24,0.1853,0.3096,0.5051,1.0,0.37511426000000003,0.6829988495081302,0.10344827586206898,0.1724137931034483,0.7241379310344828,1.015,0.11652794292508918,0.322773392263051,0.08542713567839197,0.1758793969849246,0.7386934673366834,0.995,0.10651246180652005,0.30287223794575613,0.09547738693467336,0.1758793969849246,0.728643216080402,0.995,0.11368399787884148,0.31657108230391806,0.0845771144278607,0.17412935323383086,0.7412935323383085,1.005,0.10440335635256551,0.29935860211361653
2026-06-25T01:00:00+00:00|Czech Republic|Mexico,2026-06-25T01:00:00+00:00,2026-06-24T06:10:00+00:00,2026-06-25T00:55:00+00:00,group,Czech Republic,Mexico,0,3,away,KXWCGAME-26JUN24CZEMEX,fifwc-cze-mex-2026-06-24,0.0941,0.2511,0.6548,1.0,0.19106905999999996,0.42342543348515715,0.24623115577889446,0.23618090452261306,0.5175879396984925,0.995,0.34913259766167515,0.6585758364948566,0.19597989949748745,0.2361809045226131,0.5678391959798995,0.9949999999999999,0.2809525011994647,0.5659170060121518,0.245,0.235,0.52,1.0,0.34565,0.6539264674066639,0.2039800995024876,0.2238805970149254,0.5721393034825871,1.005,0.2747951783371698,0.5583727796958255
2026-06-25T01:00:00+00:00|South Africa|South Korea,2026-06-25T01:00:00+00:00,2026-06-24T06:10:00+00:00,2026-06-25T00:55:00+00:00,group,South Africa,South Korea,1,0,home,KXWCGAME-26JUN24RSAKOR,fifwc-rsa-kr-2026-06-24,0.14001400140014003,0.28672867286728676,0.5732573257325733,0.9999,1.1504132111380954,1.9660128513724993,0.17412935323383086,0.2437810945273632,0.582089552238806,1.005,1.0803197940645033,1.747956846569662,0.17766497461928932,0.25888324873096447,0.5634517766497462,0.9850000000000001,1.0607333350511479,1.727855667248575,0.17412935323383086,0.2437810945273632,0.582089552238806,1.005,1.0803197940645033,1.747956846569662,0.1658291457286432,0.2663316582914573,0.5678391959798994,0.995,1.0892149188151814,1.7967972632580123
2026-06-25T20:00:00+00:00|Curaçao|Ivory Coast,2026-06-25T20:00:00+00:00,2026-06-25T06:10:00+00:00,2026-06-25T19:55:00+00:00,group,Curaçao,Ivory Coast,0,2,away,KXWCGAME-26JUN25CUWCIV,fifwc-kor-civ-2026-06-25,0.18048195180481952,0.2852714728527147,0.5342465753424658,1.0001,0.3308798007310557,0.6268977950187447,0.050348953140578266,0.11365902293120637,0.8359920239282153,1.0030000000000001,0.04235200679119176,0.1791362066986721,0.05818000994530084,0.11785181501740426,0.8239681750372948,1.0055,0.04826116725983226,0.19362337234608923,0.05527638190954774,0.10552763819095479,0.8391959798994975,0.995,0.04004949369965406,0.17531101230773732,0.05472636815920399,0.12437810945273634,0.8208955223880597,1.005,0.0505433033835796,0.1973594341584951
2026-06-25T20:00:00+00:00|Ecuador|Germany,2026-06-25T20:00:00+00:00,2026-06-25T06:10:00+00:00,2026-06-25T19:55:00+00:00,group,Ecuador,Germany,2,1,home,KXWCGAME-26JUN25ECUGER,fifwc-ecu-ger-2026-06-25,0.2579,0.3075,0.4346,1.0,0.8341458199999999,1.3551833660948378,0.1690773067331671,0.18104738154613467,0.6498753117206982,1.0025,1.1455485973345936,1.7773992323602192,0.2224428997020854,0.21797418073485597,0.5595829195630585,1.0070000000000001,0.9652408315574492,1.5030848408635225,0.16417910447761197,0.17412935323383086,0.6616915422885573,1.005,1.1667532981856885,1.8067973465925953,0.2238805970149254,0.2139303482587065,0.5621890547263682,1.005,0.9641840548501275,1.4966424182887559
2026-06-25T23:00:00+00:00|Japan|Sweden,2026-06-25T23:00:00+00:00,2026-06-25T06:10:00+00:00,2026-06-25T22:55:00+00:00,group,Japan,Sweden,1,1,draw,KXWCGAME-26JUN25JPNSWE,fifwc-jpn-swe-2026-06-25,0.572,0.2733,0.1547,1.0,0.8792089799999999,1.2971851860481147,0.5302348825587206,0.26036981509245377,0.20939530234882558,1.0005,0.8720482337541874,1.3456522928303665,0.40811216825237856,0.2839258888332499,0.30796194291437157,0.9984999999999999,0.7741582328425035,1.2590420296880631,0.5270935960591132,0.2610837438423645,0.21182266009852213,1.0150000000000001,0.8686937319517579,1.3429140654896656,0.4129353233830846,0.28358208955223885,0.3034825870646766,1.005,0.7758718843592981,1.2602536402245255
2026-06-25T23:00:00+00:00|Tunisia|Netherlands,2026-06-25T23:00:00+00:00,2026-06-25T06:10:00+00:00,2026-06-25T22:55:00+00:00,group,Tunisia,Netherlands,1,3,away,KXWCGAME-26JUN25TUNNED,fifwc-tun-nld-2026-06-25,0.0577,0.191,0.7513,1.0,0.10166198000000001,0.28595023960702215,0.029514757378689343,0.08504252126063032,0.8854427213606803,0.9995,0.0212267214147344,0.12166750893252534,0.04474610356963298,0.08547008547008549,0.8697838109602816,0.9944999999999999,0.026263605182955726,0.13951059136214755,0.034482758620689655,0.083743842364532,0.8817733990147782,1.0150000000000001,0.022179620956587168,0.12582017320103242,0.04477611940298508,0.0845771144278607,0.8706467661691544,1.005,0.025890448256231248,0.13851893413556152
2026-06-26T02:00:00+00:00|Paraguay|Australia,2026-06-26T02:00:00+00:00,2026-06-25T06:10:00+00:00,2026-06-26T01:55:00+00:00,group,Paraguay,Australia,0,0,draw,KXWCGAME-26JUN25PARAUS,fifwc-par-aus-2026-06-25,0.3415,0.3147,0.3438,1.0,0.70445678,1.156135474911776,0.34328358208955223,0.4228855721393035,0.2338308457711443,1.005,0.5055815450112621,0.8606536515687593,0.3793103448275862,0.3990147783251231,0.22167487684729062,1.0150000000000001,0.5541993253900847,0.9187568243693487,0.33990147783251223,0.41871921182266003,0.24137931034482754,1.0150000000000001,0.5116843407993399,0.870554722551471,0.38308457711442784,0.39303482587064675,0.22388059701492535,1.0050000000000001,0.5652830375485756,0.9338570555920543
2026-06-26T02:00:00+00:00|Turkey|United States,2026-06-26T02:00:00+00:00,2026-06-25T06:10:00+00:00,2026-06-26T01:55:00+00:00,group,Turkey,United States,3,2,home,KXWCGAME-26JUN25TURUSA,fifwc-tur-usa-2026-06-25,0.1395,0.264,0.5965,1.0,1.1659685,1.9696906777207166,0.2437810945273632,0.2238805970149254,0.5323383084577116,1.005,0.9053736293656098,1.411484609948449,0.29648241206030146,0.24623115577889443,0.457286432160804,0.9950000000000001,0.7646776596550593,1.215767380818773,0.24878048780487808,0.21951219512195125,0.5317073170731709,1.025,0.895229030339084,1.3911843464140823,0.299492385786802,0.23857868020304565,0.4619289340101523,0.9850000000000001,0.7610090442938495,1.2056662848322692
2026-06-26T19:00:00+00:00|Norway|France,2026-06-26T19:00:00+00:00,2026-06-26T06:10:00+00:00,2026-06-26T18:55:00+00:00,group,Norway,France,1,4,away,KXWCGAME-26JUN26NORFRA,fifwc-nor-fra-2026-06-26,0.296,0.3072,0.3968,1.0,0.5458380799999999,0.9243229035714193,0.1940298507462687,0.1940298507462687,0.6119402985074628,1.005,0.2258854978837157,0.4911205526866581,0.11557788944723618,0.15577889447236182,0.728643216080402,0.995,0.11125981667129622,0.31657108230391806,0.1940298507462687,0.1940298507462687,0.6119402985074628,1.005,0.2258854978837157,0.4911205526866581,0.11442786069651742,0.15422885572139305,0.7313432835820897,1.005,0.10905670651716537,0.3128723212803393
2026-06-26T19:00:00+00:00|Senegal|Iraq,2026-06-26T19:00:00+00:00,2026-06-26T06:10:00+00:00,2026-06-26T18:55:00+00:00,group,Senegal,Iraq,5,0,home,KXWCGAME-26JUN26SENIRQ,fifwc-sen-irq-2026-06-26,0.45504550455045506,0.2995299529952995,0.24542454245424544,0.9999,0.4469268008909101,0.7873578550308532,0.7910447761194029,0.13432835820895522,0.07462686567164178,1.0050000000000001,0.06727556248607709,0.2344007058388443,0.8009950248756218,0.12437810945273631,0.07462686567164178,1.0050000000000001,0.06064206331526451,0.22190054307461288,0.7889447236180904,0.135678391959799,0.07537688442211056,0.9950000000000001,0.0686346304386253,0.23705901937618437,0.7910447761194029,0.13432835820895522,0.0746268656716418,1.0050000000000001,0.06727556248607709,0.2344007058388443
2026-06-27T00:00:00+00:00|Cape Verde|Saudi Arabia,2026-06-27T00:00:00+00:00,2026-06-26T06:10:00+00:00,2026-06-26T23:55:00+00:00,group,Cape Verde,Saudi Arabia,0,0,draw,KXWCGAME-26JUN26CPVKSA,fifwc-cvi-ksa-2026-06-26,0.3193,0.3089,0.3718,1.0,0.71780694,1.174737679057601,0.36318407960199006,0.2835820895522388,0.35323383084577115,1.005,0.7699314373406599,1.2602536402245257,0.36683417085427134,0.2763819095477387,0.35678391959798994,0.995,0.7854852150198227,1.2859716394920213,0.36318407960199006,0.28358208955223885,0.35323383084577115,1.005,0.7699314373406598,1.2602536402245255,0.36318407960199006,0.28358208955223885,0.35323383084577115,1.005,0.7699314373406598,1.2602536402245255
2026-06-27T00:00:00+00:00|Uruguay|Spain,2026-06-27T00:00:00+00:00,2026-06-26T06:10:00+00:00,2026-06-26T23:55:00+00:00,group,Uruguay,Spain,0,1,away,KXWCGAME-26JUN26URUESP,fifwc-ury-esp-2026-06-26,0.1035,0.2346,0.6619,1.0,0.18006101999999996,0.4126407918572599,0.12562814070351758,0.23618090452261306,0.6381909547738693,0.995,0.20246963460518674,0.4491177382659011,0.15422885572139305,0.27363184079601993,0.5721393034825871,1.005,0.2817256998589144,0.5583727796958255,0.11557788944723617,0.22613065326633167,0.6582914572864322,0.995,0.18125804903916565,0.41810750152334075,0.15577889447236182,0.2663316582914573,0.5778894472361809,0.995,0.2733769349258858,0.5483726963612424
2026-06-27T03:00:00+00:00|Egypt|Iran,2026-06-27T03:00:00+00:00,2026-06-26T06:10:00+00:00,2026-06-27T02:55:00+00:00,group,Egypt,Iran,1,1,draw,KXWCGAME-26JUN26EGYIRI,fifwc-egy-irn-2026-06-26,0.3784,0.3085,0.3131,1.0,0.7193904200000001,1.1760334356366946,0.3830845771144279,0.373134328358209,0.2437810945273632,1.005,0.5991435855548131,0.9858167945227653,0.36945812807881767,0.3596059113300492,0.270935960591133,1.0150000000000001,0.6200101919483609,1.0227465378933964,0.3930348258706468,0.36318407960199006,0.2437810945273632,1.005,0.6194401128684934,1.0128454669106846,0.373134328358209,0.35323383084577115,0.27363184079601993,1.005,0.6324100888591866,1.0406250310177603
2026-06-27T03:00:00+00:00|New Zealand|Belgium,2026-06-27T03:00:00+00:00,2026-06-26T06:10:00+00:00,2026-06-27T02:55:00+00:00,group,New Zealand,Belgium,1,5,away,KXWCGAME-26JUN26NZLBEL,fifwc-nzl-bel-2026-06-26,0.1221,0.2484,0.6295,1.0,0.21388122000000004,0.46282942549773526,0.05472636815920399,0.11442786069651743,0.8308457711442787,1.005,0.04470186381525207,0.1853110956423205,0.06532663316582915,0.10552763819095479,0.8291457286432161,0.9949999999999999,0.044594833463801414,0.18735935082391175,0.06403940886699508,0.11330049261083744,0.8226600985221675,1.015,0.048387488170059945,0.19521216662503224,0.07389162561576357,0.11330049261083744,0.812807881773399,1.015,0.05333786308816035,0.20726050514120672
2026-06-27T21:00:00+00:00|Croatia|Ghana,2026-06-27T21:00:00+00:00,2026-06-27T06:10:00+00:00,2026-06-27T20:55:00+00:00,group,Croatia,Ghana,2,1,home,KXWCGAME-26JUN27CROGHA,fifwc-hrv-gha-2026-06-27,0.6013,0.246,0.1527,1.0,0.24279498000000005,0.5086613009366141,0.5175879396984924,0.29648241206030146,0.185929648241206,0.9950000000000001,0.3551930506805384,0.6585758364948568,0.5376884422110553,0.29648241206030146,0.1658291457286432,0.9950000000000001,0.3291331026994268,0.6204759902625863,0.5124378109452736,0.29353233830845765,0.19402985074626863,1.0050000000000001,0.36152570480928686,0.66857591982944,0.5422885572139303,0.29353233830845765,0.16417910447761194,1.0050000000000001,0.322615776837207,0.611957025829932
2026-06-27T21:00:00+00:00|Panama|England,2026-06-27T21:00:00+00:00,2026-06-27T06:10:00+00:00,2026-06-27T20:55:00+00:00,group,Panama,England,0,2,away,KXWCGAME-26JUN27PANENG,fifwc-pan-eng-2026-06-27,0.0842084208420842,0.19931993199319933,0.7164716471647165,0.9999,0.12720782029198022,0.333416603795247,0.05472636815920399,0.10447761194029852,0.8407960199004976,1.005,0.03925645404816711,0.1734061931360022,0.04477611940298508,0.10447761194029852,0.8507462686567165,1.005,0.03519714858543102,0.16164135155641576,0.05472636815920399,0.10447761194029853,0.8407960199004976,1.005,0.03925645404816711,0.1734061931360022,0.04477611940298508,0.10447761194029853,0.8507462686567165,1.005,0.03519714858543102,0.16164135155641576
2026-06-27T23:30:00+00:00|Colombia|Portugal,2026-06-27T23:30:00+00:00,2026-06-27T06:10:00+00:00,2026-06-27T23:25:00+00:00,group,Colombia,Portugal,0,0,draw,KXWCGAME-26JUN27COLPOR,fifwc-col-prt-2026-06-27,0.44545545445455453,0.2826717328267173,0.2718728127187281,1.0001,0.7869052310847309,1.2634690092829257,0.2763819095477387,0.24623115577889446,0.4773869346733668,0.995,0.8724527158405091,1.4014845266138658,0.2338308457711443,0.2338308457711443,0.5323383084577116,1.005,0.9250761119774265,1.453157306349017,0.2722772277227723,0.24257425742574257,0.48514851485148514,1.01,0.8831977257131653,1.4164473992905782,0.2338308457711443,0.2338308457711443,0.5323383084577116,1.005,0.9250761119774265,1.453157306349017
2026-06-27T23:30:00+00:00|DR Congo|Uzbekistan,2026-06-27T23:30:00+00:00,2026-06-27T06:10:00+00:00,2026-06-27T23:25:00+00:00,group,DR Congo,Uzbekistan,3,1,home,KXWCGAME-26JUN27CODUZB,fifwc-cdr-uzb-2026-06-27,0.4095409540954095,0.2865286528652865,0.3039303930393039,0.9999,0.5231142376163809,0.8927183706886797,0.5879396984924623,0.2261306532663317,0.18592964824120606,0.9949999999999999,0.25549859852023943,0.5311308899267363,0.577889447236181,0.24623115577889448,0.17587939698492464,0.9949999999999999,0.26974066311456774,0.5483726963612422,0.582089552238806,0.2338308457711443,0.18407960199004977,1.005,0.2632113066508255,0.5411309732613196,0.582089552238806,0.2437810945273632,0.17412935323383086,1.005,0.2643993960545531,0.5411309732613196
2026-06-28T02:00:00+00:00|Algeria|Austria,2026-06-28T02:00:00+00:00,2026-06-27T06:10:00+00:00,2026-06-28T01:55:00+00:00,group,Algeria,Austria,3,3,draw,KXWCGAME-26JUN27DZAAUT,fifwc-alg-aut-2026-06-27,0.37053705370537054,0.28862886288628864,0.3408340834083408,0.9999,0.7595144752999151,1.2426136276420332,0.22388059701492535,0.45273631840796014,0.3233830845771144,1.0050000000000001,0.4541966783000421,0.7924454015422259,0.27363184079601993,0.45273631840796025,0.27363184079601993,1.005,0.44924630578451025,0.7924454015422256,0.22388059701492535,0.4427860696517413,0.3333333333333333,1.0050000000000001,0.4717209970050246,0.814668538326936,0.27363184079601993,0.45273631840796025,0.27363184079601993,1.005,0.44924630578451025,0.7924454015422256
2026-06-28T02:00:00+00:00|Jordan|Argentina,2026-06-28T02:00:00+00:00,2026-06-27T06:10:00+00:00,2026-06-28T01:55:00+00:00,group,Jordan,Argentina,1,3,away,KXWCGAME-26JUN27JORARG,fifwc-jor-arg-2026-06-27,0.031996800319968,0.13268673132686734,0.8353164683531648,1.0001,0.04575022949659837,0.1799446219193953,0.05047476261869066,0.10494752623688156,0.8445777111444278,1.0005,0.037717772797759036,0.16891852666661422,0.04143784323514728,0.09485771342985522,0.8637044433349974,1.0015,0.029291559415744108,0.14652464817399374,0.05472636815920399,0.10447761194029853,0.8407960199004976,1.005,0.03925645404816711,0.1734061931360022,0.04477611940298508,0.09452736318407962,0.8606965174129354,1.005,0.030345783520209876,0.1500133135612967
2026-06-28T19:00:00+00:00|South Africa|Canada,2026-06-28T19:00:00+00:00,2026-06-28T06:10:00+00:00,2026-06-28T18:55:00+00:00,r32,South Africa,Canada,0,1,away,KXWCGAME-26JUN28RSACAN,fifwc-rsa-can-2026-06-28,0.347,0.0,0.653,1.0,0.24081799999999998,0.42617814970570594,0.16417910447761197,0.263681592039801,0.5721393034825871,1.005,0.2795475359520804,0.5583727796958255,0.18781725888324874,0.2893401015228426,0.5228426395939086,0.985,0.3466721636733747,0.6484747405083527,0.16417910447761197,0.263681592039801,0.5721393034825871,1.005,0.2795475359520804,0.5583727796958255,0.185929648241206,0.2864321608040201,0.5276381909547738,0.9950000000000001,0.33973889548243735,0.6393444745669691
2026-06-29T17:00:00+00:00|Brazil|Japan,2026-06-29T17:00:00+00:00,2026-06-29T06:10:00+00:00,2026-06-29T16:55:00+00:00,r32,Brazil,Japan,2,1,home,KXWCGAME-26JUN29BRAJPN,fifwc-bra-jpn-2026-06-29,0.6062,0.0,0.3938,1.0,0.31015688,0.5005453143584343,0.5721393034825871,0.2537313432835821,0.17412935323383086,1.005,0.2777654018464889,0.5583727796958255,0.5467980295566502,0.270935960591133,0.18226600985221672,1.0150000000000001,0.3120192191026232,0.6036757777294532,0.5721393034825871,0.2537313432835821,0.17412935323383086,1.005,0.2777654018464889,0.5583727796958255,0.5477386934673366,0.2663316582914573,0.185929648241206,0.9950000000000001,0.3100426756900079,0.6019569424953488
2026-06-29T20:30:00+00:00|Germany|Paraguay,2026-06-29T20:30:00+00:00,2026-06-29T06:10:00+00:00,2026-06-29T20:25:00+00:00,r32,Germany,Paraguay,1,1,draw,KXWCGAME-26JUN29GERPAR,fifwc-ger-par-2026-06-29,0.5471,0.0,0.4529,1.0,1.5044368200000002,34.538776394910684,0.7313432835820897,0.18407960199004977,0.08457711442786071,1.005,1.2077423826142917,1.6923869954148512,0.7313432835820897,0.18407960199004977,0.08457711442786071,1.005,1.2077423826142917,1.6923869954148512,0.7386934673366835,0.17587939698492464,0.08542713567839195,0.9949999999999999,1.2321406025100379,1.7379567632350787,0.7313432835820897,0.18407960199004977,0.0845771144278607,1.005,1.2077423826142917,1.6923869954148512
2026-06-30T01:00:00+00:00|Netherlands|Morocco,2026-06-30T01:00:00+00:00,2026-06-29T06:10:00+00:00,2026-06-30T00:55:00+00:00,r32,Netherlands,Morocco,1,1,draw,KXWCGAME-26JUN29NEDMAR,fifwc-nld-mar-2026-06-29,0.4566,0.0,0.5434,1.0,1.50376712,34.538776394910684,0.4228855721393035,0.31343283582089554,0.263681592039801,1.005,0.7197346600331674,1.160170181667543,0.4029850746268657,0.31343283582089554,0.2835820895522388,1.005,0.7141902428157718,1.160170181667543,0.4228855721393035,0.31343283582089554,0.263681592039801,1.005,0.7197346600331674,1.160170181667543,0.4029850746268657,0.31343283582089554,0.28358208955223885,1.005,0.7141902428157718,1.160170181667543
2026-06-30T17:00:00+00:00|Ivory Coast|Norway,2026-06-30T17:00:00+00:00,2026-06-30T06:10:00+00:00,2026-06-30T16:55:00+00:00,r32,Ivory Coast,Norway,1,2,away,KXWCGAME-26JUN30CIVNOR,fifwc-civ-nor-2026-06-30,0.2859,0.0,0.7141,1.0,0.16347762000000002,0.3367322704270728,0.26368159203980096,0.28358208955223874,0.45273631840796014,1.0050000000000001,0.44944432068513157,0.7924454015422259,0.2562814070351759,0.29648241206030146,0.44723618090452255,0.9950000000000001,0.4591298199540416,0.8046684549923527,0.263681592039801,0.27363184079601993,0.4626865671641791,1.005,0.4331080913838767,0.7707054149058198,0.2663316582914573,0.2864321608040201,0.44723618090452255,0.9950000000000001,0.4585237746521553,0.8046684549923527
2026-06-30T21:00:00+00:00|France|Sweden,2026-06-30T21:00:00+00:00,2026-06-30T06:10:00+00:00,2026-06-30T20:55:00+00:00,r32,France,Sweden,3,0,home,KXWCGAME-26JUN30FRASWE,fifwc-fra-swe-2026-06-30,0.8648,0.0,0.1352,1.0,0.03655807999999999,0.1452570126571385,0.7688442211055276,0.15577889447236182,0.07537688442211055,0.995,0.08338173278452565,0.2628669033320569,0.766497461928934,0.15736040609137056,0.07614213197969542,0.985,0.08508335695328405,0.2659238919230642,0.7711442786069651,0.15422885572139303,0.0746268656716418,1.0050000000000001,0.08173065023142995,0.25987979113982923,0.7688442211055275,0.1557788944723618,0.07537688442211056,0.9950000000000001,0.08338173278452568,0.2628669033320571
2026-07-01T16:00:00+00:00|England|DR Congo,2026-07-01T16:00:00+00:00,2026-07-01T06:10:00+00:00,2026-07-01T15:55:00+00:00,r32,England,DR Congo,2,1,home,KXWCGAME-26JUL01ENGCOD,fifwc-eng-cdr-2026-07-01,0.8025,0.0,0.1975,1.0,0.07801250000000001,0.22002342397796612,0.7611940298507464,0.18407960199004977,0.05472636815920399,1.005,0.0939085666196381,0.27286698666664017,0.7587939698492462,0.18592964824120603,0.05527638190954774,0.995,0.09580566147319514,0.27602498790956814,0.7611940298507464,0.17412935323383086,0.0646766169154229,1.005,0.09153238781218284,0.27286698666664017,0.7611940298507464,0.18407960199004977,0.05472636815920399,1.005,0.0939085666196381,0.27286698666664017
2026-07-01T20:00:00+00:00|Belgium|Senegal,2026-07-01T20:00:00+00:00,2026-07-01T06:10:00+00:00,2026-07-01T19:55:00+00:00,r32,Belgium,Senegal,3,2,draw,KXWCGAME-26JUL01BELSEN,fifwc-bel-sen-2026-07-01,0.5885,0.0,0.4115,1.0,1.5156645000000002,34.538776394910684,0.45273631840796025,0.2935323383084577,0.2537313432835821,1.005,0.7684463255860003,1.2257674641533562,0.5024875621890547,0.2736318407960199,0.22388059701492535,1.0050000000000001,0.830226974579837,1.295971722826605,0.45273631840796025,0.2935323383084577,0.2537313432835821,1.005,0.7684463255860003,1.2257674641533562,0.49753694581280783,0.28078817733990147,0.22167487684729062,1.0150000000000001,0.8139484093280593,1.270154711207237
2026-07-02T00:00:00+00:00|United States|Bosnia and Herzegovina,2026-07-02T00:00:00+00:00,2026-07-01T06:10:00+00:00,2026-07-01T23:55:00+00:00,r32,United States,Bosnia and Herzegovina,2,0,home,KXWCGAME-26JUL01USABIH,fifwc-usa-bih-2026-07-01,0.7689,0.0,0.2311,1.0,0.10681442,0.2627943569440019,0.7014925373134329,0.1940298507462687,0.10447761194029852,1.005,0.1376698596569392,0.35454501768090746,0.7185929648241206,0.18592964824120606,0.09547738693467338,0.9949999999999999,0.12287568495745059,0.33046019446458513,0.7114427860696518,0.18407960199004977,0.10447761194029853,1.005,0.12806613697680747,0.3404602777991683,0.7213930348258707,0.18407960199004977,0.09452736318407962,1.005,0.12044256330288854,0.3265711656385013
2026-07-02T19:00:00+00:00|Spain|Austria,2026-07-02T19:00:00+00:00,2026-07-02T06:10:00+00:00,2026-07-02T18:55:00+00:00,r32,Spain,Austria,3,0,home,KXWCGAME-26JUL02ESPAUT,fifwc-esp-aut-2026-07-02,0.8438,0.0,0.1562,1.0,0.04879688,0.16983977929189875,0.7421777221526908,0.17897371714643304,0.0788485607008761,0.9987499999999999,0.10472101390818624,0.29816654676854926,0.7239648682559598,0.18695106649937265,0.0890840652446675,0.99625,0.11908206590271862,0.32301241228211547,0.7412935323383085,0.17412935323383086,0.0845771144278607,1.005,0.1044033563525655,0.29935860211361653,0.7286432160804021,0.18592964824120606,0.08542713567839195,0.9949999999999999,0.11550213378450036,0.31657108230391795
2026-07-02T23:00:00+00:00|Portugal|Croatia,2026-07-02T23:00:00+00:00,2026-07-02T06:10:00+00:00,2026-07-02T22:55:00+00:00,r32,Portugal,Croatia,2,1,home,KXWCGAME-26JUL02PORCRO,fifwc-prt-hrv-2026-07-02,0.5669,0.0,0.4331,1.0,0.37515122,0.5675723576518791,0.5525339925834363,0.26328800988875156,0.1841779975278121,1.01125,0.3034679387178543,0.593240322444923,0.5705368289637953,0.26591760299625467,0.16354556803995007,1.00125,0.28189793968525606,0.5611775561741544,0.5414634146341463,0.26829268292682923,0.19024390243902436,1.0250000000000001,0.318429506246282,0.6134797778260742,0.5721393034825871,0.263681592039801,0.16417910447761197,1.005,0.2795475359520804,0.5583727796958255
2026-07-03T03:00:00+00:00|Switzerland|Algeria,2026-07-03T03:00:00+00:00,2026-07-02T06:10:00+00:00,2026-07-03T02:55:00+00:00,r32,Switzerland,Algeria,2,0,home,KXWCGAME-26JUL02SUIDZA,fifwc-che-alg-2026-07-02,0.6263,0.0,0.3737,1.0,0.27930338,0.46792578945076996,0.47066167290886396,0.2983770287141074,0.23096129837702872,1.00125,0.4225710371399047,0.7536157596203483,0.4869240348692404,0.302615193026152,0.21046077210460773,1.00375,0.3991166376399833,0.7196471539613958,0.48258706467661683,0.29353233830845765,0.22388059701492535,1.0050000000000001,0.40399990099254973,0.7285939295556931,0.49253731343283574,0.30348258706467657,0.20398009950248755,1.0050000000000001,0.3912279399024778,0.7081850579244859
2026-07-03T18:00:00+00:00|Australia|Egypt,2026-07-03T18:00:00+00:00,2026-07-03T06:10:00+00:00,2026-07-03T17:55:00+00:00,r32,Australia,Egypt,1,1,draw,KXWCGAME-26JUL03AUSEGY,fifwc-aus-egy-2026-07-03,0.5975,0.0,0.4025,1.0,1.5190125,34.538776394910684,0.26368159203980096,0.3333333333333333,0.40298507462686567,1.0050000000000001,0.6763693967971091,1.0986122886681098,0.25888324873096447,0.350253807106599,0.39086294416243655,0.985,0.6419644927722951,1.049097224140729,0.270935960591133,0.33004926108374383,0.3990147783251231,1.0150000000000001,0.6814530806377248,1.1085133596508212,0.263681592039801,0.34328358208955223,0.3930348258706468,1.005,0.6552808098809436,1.0691984034618165
2026-07-03T22:00:00+00:00|Argentina|Cape Verde,2026-07-03T22:00:00+00:00,2026-07-03T06:10:00+00:00,2026-07-03T21:55:00+00:00,r32,Argentina,Cape Verde,3,2,draw,KXWCGAME-26JUL03ARGCPV,fifwc-arg-cvi-2026-07-03,0.9159,0.0,0.0841,1.0,1.8459456200000002,34.538776394910684,0.8571428571428572,0.10526315789473685,0.03759398496240601,0.9974999999999999,1.5366612018768726,2.251291798606495,0.8619830592924763,0.1046337817638266,0.03338315894369706,1.0035,1.545809894566824,2.2572888180788695,0.8606965174129354,0.10447761194029853,0.03482587064676618,1.005,1.543971683869211,2.2587824703356527,0.8606965174129354,0.10447761194029853,0.03482587064676618,1.005,1.543971683869211,2.2587824703356527
2026-07-04T01:30:00+00:00|Colombia|Ghana,2026-07-04T01:30:00+00:00,2026-07-03T06:10:00+00:00,2026-07-04T01:25:00+00:00,r32,Colombia,Ghana,1,0,home,KXWCGAME-26JUL03COLGHA,fifwc-col-gha-2026-07-03,0.8617,0.0,0.1383,1.0,0.038253779999999994,0.14884809673641589,0.681592039800995,0.21393034825870644,0.10447761194029849,1.0050000000000001,0.15806539442093015,0.3833239822309508,0.6716417910447761,0.22388059701492535,0.10447761194029849,1.0050000000000001,0.1688572065047895,0.3980301296206464,0.6650246305418719,0.23152709359605908,0.10344827586206896,1.0150000000000001,0.17651483899148246,0.4079312006033579,0.6716417910447761,0.22388059701492535,0.1044776119402985,1.0050000000000001,0.1688572065047895,0.3980301296206464
2026-07-04T17:00:00+00:00|Canada|Morocco,2026-07-04T17:00:00+00:00,2026-07-04T06:10:00+00:00,2026-07-04T16:55:00+00:00,r16,Canada,Morocco,0,3,away,KXWCGAME-26JUL04CANMAR,fifwc-can-mar-2026-07-04,0.3747,0.0,0.6253,1.0,0.28080018,0.4695237444088849,0.18407960199004977,0.2835820895522388,0.5323383084577116,1.005,0.3330115591198236,0.6304760735971693,0.18407960199004977,0.2935323383084577,0.5223880597014926,1.005,0.348159699017351,0.6493445579015522,0.18407960199004972,0.2736318407960199,0.5422885572139303,1.0050000000000001,0.31825944902353903,0.611957025829932,0.17587939698492458,0.2864321608040201,0.5376884422110553,0.9950000000000001,0.3267089214918815,0.6204759902625863
2026-07-04T21:00:00+00:00|Paraguay|France,2026-07-04T21:00:00+00:00,2026-07-04T06:10:00+00:00,2026-07-04T20:55:00+00:00,r16,Paraguay,France,0,1,away,KXWCGAME-26JUL04PARFRA,fifwc-par-fra-2026-07-04,0.2119,0.0,0.7881,1.0,0.08980321999999999,0.23813029362253316,0.04477611940298508,0.12437810945273634,0.8308457711442787,1.005,0.046087968119600975,0.1853110956423205,0.05472636815920399,0.13432835820895525,0.8109452736318409,1.005,0.056780772753149654,0.20955470725231332,0.04477611940298508,0.12437810945273634,0.8308457711442787,1.005,0.046087968119600975,0.1853110956423205,0.04522613065326633,0.13567839195979903,0.8190954773869347,0.9949999999999999,0.05318047524052424,0.19955462391773007
2026-07-05T20:00:00+00:00|Brazil|Norway,2026-07-05T20:00:00+00:00,2026-07-05T06:10:00+00:00,2026-07-05T19:55:00+00:00,r16,Brazil,Norway,1,2,away,KXWCGAME-26JUL05BRANOR,fifwc-bra-nor-2026-07-05,0.5918,0.0,0.4082,1.0,0.70045448,0.8959980286063927,0.5422885572139303,0.26368159203980096,0.19402985074626863,1.0050000000000001,1.0131927427538923,1.6397432619294294,0.5422885572139303,0.26368159203980096,0.19402985074626863,1.0050000000000001,1.0131927427538923,1.6397432619294294,0.5369458128078818,0.2610837438423645,0.2019704433497537,1.0150000000000001,0.9933267004780509,1.5996339123374794,0.5422885572139303,0.26368159203980096,0.19402985074626863,1.0050000000000001,1.0131927427538923,1.6397432619294294
2026-07-06T19:00:00+00:00|Portugal|Spain,2026-07-06T19:00:00+00:00,2026-07-06T06:10:00+00:00,2026-07-06T18:55:00+00:00,r16,Portugal,Spain,0,1,away,KXWCGAME-26JUL06PORESP,fifwc-prt-esp-2026-07-06,0.2568,0.0,0.7432,1.0,0.13189248,0.29679009148250834,0.2338308457711443,0.263681592039801,0.5024875621890548,1.005,0.3717234721912824,0.6881843912178162,0.2338308457711443,0.27363184079601993,0.49253731343283585,1.005,0.38706962698943087,0.7081850579244857,0.2338308457711443,0.263681592039801,0.5024875621890548,1.005,0.3717234721912824,0.6881843912178162,0.2238805970149254,0.27363184079601993,0.5024875621890548,1.005,0.3725155317937675,0.6881843912178162
2026-07-07T00:00:00+00:00|United States|Belgium,2026-07-07T00:00:00+00:00,2026-07-06T06:10:00+00:00,2026-07-06T23:55:00+00:00,r16,United States,Belgium,1,4,away,KXWCGAME-26JUL06USABEL,fifwc-usa-bel-2026-07-06,0.4414,0.0,0.5586,1.0,0.38966792,0.5823216254710607,0.373134328358209,0.2835820895522388,0.34328358208955223,1.005,0.6509244820672756,1.0691984034618165,0.36318407960199006,0.3034825870646766,0.33333333333333337,1.005,0.6684488007722581,1.0986122886681096,0.36945812807881767,0.28078817733990147,0.34975369458128075,1.0150000000000001,0.6381615666480625,1.050526102000472,0.36683417085427134,0.2864321608040201,0.34673366834170855,0.995,0.6433675917274815,1.059198320127233
2026-07-07T16:00:00+00:00|Argentina|Egypt,2026-07-07T16:00:00+00:00,2026-07-07T06:10:00+00:00,2026-07-07T15:55:00+00:00,r16,Argentina,Egypt,3,2,home,KXWCGAME-26JUL07ARGEGY,fifwc-arg-egy-2026-07-07,0.8195,0.0,0.1805,1.0,0.0651605,0.19906088079825268,0.7213930348258707,0.1940298507462687,0.08457711442786071,1.005,0.12242271230910126,0.3265711656385013,0.7313432835820897,0.1940298507462687,0.0746268656716418,1.005,0.11539318333704607,0.3128723212803393,0.7185929648241206,0.19597989949748745,0.08542713567839195,0.9949999999999999,0.1248958359637383,0.33046019446458513,0.7286432160804021,0.19597989949748745,0.07537688442211057,0.9949999999999999,0.11772429989141686,0.31657108230391795
2026-07-07T20:00:00+00:00|Switzerland|Colombia,2026-07-07T20:00:00+00:00,2026-07-07T06:10:00+00:00,2026-07-07T19:55:00+00:00,r16,Switzerland,Colombia,0,0,draw,KXWCGAME-26JUL07SUICOL,fifwc-che-col-2026-07-07,0.4235,0.0,0.5765,1.0,1.5117045,34.538776394910684,0.26368159203980096,0.3134328358208955,0.42288557213930345,1.0050000000000001,0.7197346600331674,1.1601701816675432,0.2562814070351759,0.3366834170854271,0.40703517587939697,0.9950000000000001,0.6713466831645665,1.0886122053335265,0.26368159203980096,0.3134328358208955,0.42288557213930345,1.0050000000000001,0.7197346600331674,1.1601701816675432,0.26368159203980096,0.3333333333333333,0.40298507462686567,1.0050000000000001,0.6763693967971091,1.0986122886681098
