espn_id,date,kickoff_utc,stage,home_team,away_team,home_score,away_score,total_goals,gd,outcome,winner,p_home,p_draw,p_away,brier,fav_side,p_fav,upset,fav_won,venue_city,stadium,lat,lon,tz,local_hour,daypart,temp_c,humidity_pct,apparent_c,heat_humidity_index,venue_env,open_air,tournament_day,matchday_mean,rest_days_min,wet_bulb_ko,wet_bulb_2h,radiation_ko,radiation_2h,wind_ko,wind_2h,cloud_ko,cloud_2h,precip_ko,precip_2h,err,attendance,fouls_h,yellows_h,reds_h,poss_h,shots_h,eacc_passes_h,epasses_h,fouls_a,yellows_a,reds_a,poss_a,shots_a,eacc_passes_a,epasses_a,delays,first_sub_h,subs_by60_h,first_sub_a,subs_by60_a,passes_total,fouls_total,cards_total,first_sub_mean,subs_by60_total,xg_h,xg_a,passes_h,passes_h2,passes_a,passes_a2,linebreaks_h,linebreaks_a,recff_h,recff_a,progress_h,progress_a,pressures_h,pressures_h2,pressures_a,pressures_a2,turnovers_h,turnovers_a,secondballs_h,secondballs_a,dist_h,dist_a,zone4_h,zone4_a,dist_total,zone4_total,xg_total,pass_tempo
760415,2026-06-11,2026-06-11 19:00:00+00:00,group,Mexico,South Africa,2,0,2,2,H,Mexico,0.8688,0.0664,0.0648,0.0258,H,0.8688,0.0,1.0,Mexico City,Estadio Azteca,19.3029,-99.1505,America/Mexico_City,13.0,midday(<15),22.6,53.0,25.1,11.978000000000002,open,1,0.7916666666666666,1.0,,16.4,16.8,850.0,847.0,2.5,2.9333333333333336,52.0,57.0,0.7,0.3333333333333333,,80824,12.0,1.0,1.0,60.5,16.0,467.0,520.0,11.0,2.0,2.0,39.5,3.0,272.0,334.0,9,66,0,56,1,854.0,23.0,12.0,61.0,1,1.78,0.1,547.0,495.0,351.0,290.0,105.0,57.0,117.0,36.0,23.0,8.0,170.0,26.0,306.0,45.0,31.0,32.0,56.0,45.0,107.3,97.1,5.3,5.1,204.39999999999998,10.399999999999999,1.8800000000000001,898.0
760414,2026-06-12,2026-06-12 02:00:00+00:00,group,South Korea,Czech Republic,2,1,3,1,H,South Korea,0.6072,0.115,0.2778,0.2447,H,0.6072,0.0,1.0,Guadalajara,Estadio Akron,20.6819,-103.4625,America/Mexico_City,20.0,evening(18-21),21.0,77.0,21.7,16.17,open,1,1.0833333333333333,1.0,,18.1,17.86666666666667,14.0,4.666666666666667,11.6,10.966666666666667,30.0,46.333333333333336,0.0,0.0,,44985,9.0,1.0,0.0,61.5,15.0,469.0,541.0,16.0,0.0,0.0,38.5,7.0,230.0,327.0,6,62,0,64,0,868.0,25.0,1.0,63.0,0,1.77,0.64,542.0,483.0,327.0,241.0,92.0,54.0,125.0,77.0,27.0,10.0,147.0,22.0,301.0,54.0,30.0,40.0,49.0,78.0,111.8,117.6,5.4,6.0,229.39999999999998,11.4,2.41,869.0
760416,2026-06-12,2026-06-12 19:00:00+00:00,group,Canada,Bosnia and Herzegovina,1,1,2,0,D,,0.7044,0.2024,0.0932,1.141,H,0.7044,1.0,0.0,Toronto,BMO Field,43.6332,-79.4185,America/Toronto,15.0,afternoon(15-18),26.3,44.0,26.0,11.572,open,1,1.7916666666666667,1.0,,18.1,17.8,865.0,695.3333333333334,19.3,18.8,30.0,33.666666666666664,0.0,0.0,,43002,10.0,2.0,0.0,61.1,13.0,310.0,421.0,20.0,3.0,0.0,38.9,8.0,172.0,271.0,12,61,0,62,0,692.0,30.0,5.0,61.5,0,1.49,0.76,412.0,316.0,279.0,186.0,84.0,61.0,143.0,51.0,30.0,22.0,160.0,38.0,203.0,35.0,50.0,51.0,94.0,79.0,111.3,109.5,5.8,5.2,220.8,11.0,2.25,691.0
760417,2026-06-13,2026-06-13 01:00:00+00:00,group,United States,Paraguay,4,1,5,3,H,United States,0.2734,0.277,0.4497,0.8069,A,0.4497,1.0,0.0,"Inglewood, California",SoFi Stadium,33.9535,-118.3392,America/Los_Angeles,18.0,evening(18-21),23.3,64.0,23.6,14.912,roof_canopy,0,2.0416666666666665,1.0,,18.5,18.133333333333336,420.0,234.66666666666666,12.3,9.733333333333334,15.0,10.666666666666666,0.0,0.0,,70492,13.0,1.0,0.0,65.3,16.0,509.0,598.0,17.0,5.0,0.0,34.7,9.0,232.0,319.0,15,45,1,45,1,917.0,30.0,6.0,45.0,2,1.88,0.6,602.0,520.0,316.0,234.0,129.0,53.0,201.0,31.0,52.0,17.0,204.0,39.0,360.0,75.0,50.0,49.0,101.0,55.0,119.9,114.3,6.2,6.1,234.2,12.3,2.48,918.0
760420,2026-06-13,2026-06-13 19:00:00+00:00,group,Qatar,Switzerland,1,1,2,0,D,,0.0609,0.1708,0.7683,1.2816,A,0.7683,1.0,0.0,"Santa Clara, California",Levi's Stadium,37.403,-121.97,America/Los_Angeles,12.0,midday(<15),26.1,43.0,28.2,11.223,open,1,2.7916666666666665,1.0,,17.8,18.400000000000002,945.0,992.0,7.4,10.066666666666668,2.0,0.6666666666666666,0.0,0.0,,67966,12.0,2.0,0.0,32.0,6.0,200.0,278.0,11.0,1.0,0.0,68.0,26.0,527.0,576.0,10,60,3,65,0,854.0,23.0,3.0,62.5,3,0.52,3.14,289.0,213.0,591.0,542.0,58.0,122.0,41.0,245.0,13.0,31.0,294.0,42.0,165.0,33.0,36.0,42.0,53.0,70.0,109.2,109.4,4.8,5.6,218.60000000000002,10.399999999999999,3.66,880.0
760419,2026-06-13,2026-06-13 22:00:00+00:00,group,Brazil,Morocco,1,1,2,0,D,,0.3774,0.2829,0.3397,0.7721,H,0.3774,1.0,0.0,"East Rutherford, New Jersey",MetLife Stadium,40.8135,-74.0745,America/New_York,18.0,evening(18-21),31.3,29.0,30.1,9.077,open,1,2.9166666666666665,1.0,,19.0,18.733333333333334,314.0,216.66666666666666,10.0,11.299999999999999,19.0,42.333333333333336,0.0,0.0,,80663,16.0,2.0,0.0,51.4,12.0,449.0,514.0,14.0,0.0,0.0,48.6,14.0,419.0,486.0,9,45,2,65,0,1000.0,30.0,2.0,55.0,2,0.99,1.33,514.0,457.0,503.0,431.0,89.0,81.0,100.0,149.0,30.0,49.0,315.0,54.0,285.0,41.0,41.0,50.0,56.0,79.0,113.7,114.9,6.8,6.5,228.60000000000002,13.3,2.3200000000000003,1017.0
760418,2026-06-14,2026-06-14 01:00:00+00:00,group,Haiti,Scotland,0,1,1,-1,A,Scotland,0.2027,0.2605,0.5367,0.3236,A,0.5367,0.0,1.0,"Foxborough, Massachusetts",Gillette Stadium,42.0909,-71.2643,America/New_York,21.0,night(>=21),25.2,42.0,24.0,10.583999999999998,open,1,3.0416666666666665,1.0,,16.9,16.400000000000002,2.0,0.6666666666666666,11.5,11.299999999999999,2.0,3.6666666666666665,0.0,0.0,,64146,23.0,1.0,0.0,53.7,15.0,367.0,431.0,21.0,3.0,0.0,46.3,9.0,307.0,374.0,8,61,0,75,0,805.0,44.0,4.0,68.0,0,0.7,0.91,431.0,378.0,397.0,324.0,84.0,86.0,116.0,77.0,24.0,21.0,185.0,35.0,230.0,39.0,29.0,35.0,53.0,52.0,113.7,117.6,5.9,5.9,231.3,11.8,1.6099999999999999,828.0
760421,2026-06-14,2026-06-14 04:00:00+00:00,group,Australia,Turkey,2,0,2,2,H,Australia,0.2341,0.2693,0.4965,0.9056,A,0.4965,1.0,0.0,Vancouver,BC Place,49.2768,-123.112,America/Vancouver,21.0,night(>=21),22.6,46.0,21.0,10.396,roof_canopy,0,3.1666666666666665,1.0,,15.4,15.166666666666666,61.0,20.666666666666668,11.6,8.200000000000001,63.0,49.0,0.0,0.0,,52497,12.0,0.0,0.0,28.4,9.0,201.0,271.0,4.0,1.0,0.0,71.6,30.0,635.0,704.0,7,61,0,45,1,975.0,16.0,1.0,53.0,1,0.99,1.66,293.0,224.0,722.0,663.0,56.0,132.0,68.0,348.0,22.0,38.0,384.0,57.0,170.0,31.0,35.0,30.0,62.0,87.0,116.6,112.5,5.6,5.1,229.1,10.7,2.65,1015.0
760422,2026-06-14,2026-06-14 17:00:00+00:00,group,Germany,Curaçao,7,1,8,6,H,Germany,0.7315,0.1897,0.0788,0.1143,H,0.7315,0.0,1.0,"Houston, Texas",NRG Stadium,29.6847,-95.4107,America/Chicago,12.0,midday(<15),29.5,73.0,34.3,21.535,indoor_ac,0,3.7083333333333335,1.0,,25.5,26.03333333333333,707.0,720.0,14.6,13.299999999999999,57.0,78.33333333333333,0.6,0.9333333333333332,,68021,18.0,0.0,0.0,64.6,26.0,554.0,637.0,11.0,0.0,0.0,35.4,8.0,282.0,343.0,4,64,0,45,1,980.0,29.0,0.0,54.5,1,4.17,0.4,641.0,569.0,362.0,291.0,125.0,72.0,252.0,61.0,32.0,34.0,227.0,55.0,339.0,48.0,46.0,43.0,82.0,58.0,116.2,103.5,6.3,5.0,219.7,11.3,4.57,1003.0
760425,2026-06-14,2026-06-14 20:00:00+00:00,group,Netherlands,Japan,2,2,4,0,D,,0.3387,0.2828,0.3784,0.7723,A,0.3784,1.0,0.0,"Arlington, Texas",AT&T Stadium,32.7473,-97.0945,America/Chicago,15.0,afternoon(15-18),28.6,70.0,31.9,20.02,indoor_ac,0,3.8333333333333335,1.0,,24.2,24.133333333333336,506.0,527.3333333333334,13.0,15.366666666666667,97.0,55.666666666666664,0.0,0.0,,69285,7.0,3.0,0.0,59.8,10.0,463.0,524.0,7.0,0.0,0.0,40.2,10.0,286.0,341.0,10,70,0,66,0,865.0,14.0,3.0,68.0,0,0.63,0.34,529.0,473.0,356.0,302.0,88.0,72.0,156.0,120.0,23.0,21.0,194.0,30.0,316.0,46.0,33.0,28.0,49.0,50.0,102.9,109.4,4.6,5.1,212.3,9.7,0.97,885.0
760423,2026-06-14,2026-06-14 23:00:00+00:00,group,Ivory Coast,Ecuador,1,0,1,1,H,Ivory Coast,0.1265,0.226,0.6475,1.2333,A,0.6475,1.0,0.0,"Philadelphia, Pennsylvania",Lincoln Financial Field,39.9008,-75.1675,America/New_York,19.0,evening(18-21),28.3,47.0,27.5,13.301000000000002,open,1,3.9583333333333335,1.0,,20.3,20.400000000000002,105.0,54.0,19.5,16.7,90.0,90.0,0.0,0.0,,68274,10.0,3.0,0.0,48.4,15.0,397.0,470.0,13.0,1.0,0.0,51.6,12.0,419.0,492.0,8,56,2,56,1,962.0,23.0,4.0,56.0,3,1.88,1.36,471.0,413.0,513.0,438.0,113.0,106.0,120.0,97.0,39.0,16.0,288.0,31.0,280.0,61.0,44.0,49.0,63.0,60.0,109.6,108.4,5.8,5.7,218.0,11.5,3.24,984.0
760424,2026-06-15,2026-06-15 02:00:00+00:00,group,Sweden,Tunisia,5,1,6,4,H,Sweden,0.4007,0.2818,0.3175,0.5394,H,0.4007,0.0,1.0,Guadalupe,Estadio BBVA (Monterrey),25.669,-100.244,America/Monterrey,20.0,evening(18-21),25.5,85.0,30.1,21.675,open,1,4.083333333333333,1.0,,23.4,23.366666666666664,11.0,3.6666666666666665,4.4,3.966666666666667,99.0,98.66666666666667,0.2,0.06666666666666667,,50987,10.0,0.0,0.0,48.7,13.0,278.0,356.0,8.0,1.0,0.0,51.3,6.0,292.0,371.0,9,65,0,72,0,727.0,18.0,1.0,68.5,0,2.09,0.34,356.0,290.0,370.0,299.0,71.0,76.0,103.0,84.0,26.0,19.0,172.0,44.0,223.0,45.0,42.0,41.0,69.0,67.0,111.3,109.7,5.1,5.9,221.0,11.0,2.4299999999999997,726.0
760428,2026-06-15,2026-06-15 16:00:00+00:00,group,Spain,Cape Verde,0,0,0,0,D,,0.8776,0.103,0.0194,1.5752,H,0.8776,1.0,0.0,"Atlanta, Georgia",Mercedes-Benz Stadium,33.7554,-84.4008,America/New_York,12.0,midday(<15),26.1,54.0,28.2,14.094,indoor_ac,0,4.666666666666667,1.0,,19.6,19.6,832.0,797.6666666666666,11.2,13.299999999999999,89.0,96.0,0.0,0.0,,67640,10.0,1.0,0.0,74.3,27.0,734.0,800.0,1.0,1.0,0.0,25.7,6.0,205.0,278.0,8,71,0,61,0,1078.0,11.0,2.0,66.0,0,2.26,0.13,811.0,755.0,306.0,227.0,144.0,57.0,426.0,17.0,23.0,23.0,200.0,37.0,398.0,44.0,53.0,47.0,83.0,54.0,115.5,112.4,5.0,4.2,227.9,9.2,2.3899999999999997,1117.0
760426,2026-06-15,2026-06-15 19:00:00+00:00,group,Belgium,Egypt,1,1,2,0,D,,0.5079,0.267,0.2251,0.8459,H,0.5079,1.0,0.0,"Seattle, Washington",Lumen Field,47.5952,-122.3316,America/Los_Angeles,12.0,midday(<15),27.5,38.0,29.5,10.45,open,1,4.791666666666667,1.0,,18.1,18.2,799.0,865.6666666666666,1.8,1.5333333333333334,52.0,76.66666666666667,0.0,0.0,,66775,15.0,2.0,0.0,53.6,15.0,391.0,455.0,15.0,2.0,0.0,46.4,14.0,323.0,398.0,5,56,2,71,0,853.0,30.0,4.0,63.5,2,1.07,0.73,476.0,415.0,411.0,339.0,106.0,78.0,181.0,96.0,36.0,22.0,227.0,44.0,258.0,68.0,41.0,52.0,70.0,66.0,113.3,111.3,6.3,6.2,224.6,12.5,1.8,887.0
760429,2026-06-15,2026-06-15 22:00:00+00:00,group,Saudi Arabia,Uruguay,1,1,2,0,D,,0.1307,0.2286,0.6406,1.0225,A,0.6406,1.0,0.0,"Miami Gardens, Florida",Hard Rock Stadium,25.958,-80.2389,America/New_York,18.0,evening(18-21),31.7,54.0,34.7,17.118,open,1,4.916666666666667,1.0,,24.5,24.7,411.0,249.0,10.6,7.366666666666666,89.0,69.33333333333333,0.3,0.26666666666666666,,62764,11.0,1.0,0.0,33.2,7.0,236.0,322.0,6.0,0.0,0.0,66.8,27.0,540.0,612.0,6,63,0,45,2,934.0,17.0,1.0,54.0,2,1.06,1.5,331.0,243.0,623.0,566.0,54.0,128.0,60.0,222.0,13.0,32.0,318.0,40.0,157.0,23.0,44.0,39.0,58.0,67.0,109.5,110.9,4.7,5.2,220.4,9.9,2.56,954.0
760427,2026-06-16,2026-06-16 01:00:00+00:00,group,Iran,New Zealand,2,2,4,0,D,,0.569,0.2518,0.1792,0.9157,H,0.569,1.0,0.0,"Inglewood, California",SoFi Stadium,33.9535,-118.3392,America/Los_Angeles,18.0,evening(18-21),21.9,63.0,21.6,13.797,roof_canopy,0,5.041666666666667,1.0,,17.1,16.8,441.0,248.66666666666666,12.2,9.433333333333334,1.0,0.6666666666666666,0.0,0.0,,70108,10.0,1.0,0.0,48.5,17.0,314.0,409.0,8.0,0.0,0.0,51.5,14.0,376.0,446.0,12,45,2,68,0,855.0,18.0,1.0,56.5,2,1.85,1.47,417.0,333.0,448.0,378.0,75.0,89.0,98.0,104.0,31.0,22.0,253.0,54.0,234.0,42.0,46.0,47.0,83.0,67.0,113.0,112.9,6.1,6.6,225.9,12.7,3.3200000000000003,865.0
760432,2026-06-16,2026-06-16 19:00:00+00:00,group,France,Senegal,3,1,4,2,H,France,0.5921,0.2452,0.1627,0.253,H,0.5921,0.0,1.0,"East Rutherford, New Jersey",MetLife Stadium,40.8135,-74.0745,America/New_York,15.0,afternoon(15-18),24.6,34.0,25.3,8.364,open,1,5.791666666666667,1.0,,15.0,14.933333333333332,910.0,723.6666666666666,5.7,8.566666666666666,27.0,70.33333333333333,0.0,0.0,,80545,5.0,0.0,0.0,53.4,11.0,505.0,575.0,9.0,0.0,0.0,46.6,6.0,430.0,502.0,9,80,0,75,0,1077.0,14.0,0.0,77.5,0,1.62,0.39,584.0,516.0,521.0,453.0,118.0,101.0,99.0,78.0,37.0,28.0,277.0,49.0,308.0,44.0,54.0,39.0,67.0,64.0,120.2,116.7,7.0,6.2,236.9,13.2,2.0100000000000002,1105.0
760430,2026-06-16,2026-06-16 22:00:00+00:00,group,Iraq,Norway,1,4,5,-3,A,Norway,0.1274,0.2265,0.6461,0.1928,A,0.6461,0.0,1.0,"Foxborough, Massachusetts",Gillette Stadium,42.0909,-71.2643,America/New_York,18.0,evening(18-21),23.3,37.0,21.6,8.621,open,1,5.916666666666667,1.0,,14.5,14.833333333333334,411.0,246.0,7.8,5.7,17.0,36.0,0.0,0.0,,63106,12.0,1.0,0.0,38.7,11.0,271.0,334.0,13.0,0.0,0.0,61.3,12.0,477.0,537.0,10,59,2,73,0,871.0,25.0,1.0,66.0,2,1.2,2.41,347.0,286.0,548.0,493.0,70.0,116.0,72.0,101.0,24.0,34.0,288.0,64.0,173.0,34.0,42.0,31.0,52.0,52.0,111.7,116.3,5.6,5.3,228.0,10.899999999999999,3.6100000000000003,895.0
760433,2026-06-17,2026-06-17 01:00:00+00:00,group,Argentina,Algeria,3,0,3,3,H,Argentina,0.6294,0.2327,0.1379,0.2105,H,0.6294,0.0,1.0,"Kansas City, Missouri",Arrowhead Stadium,39.0489,-94.4839,America/Chicago,20.0,evening(18-21),24.9,58.0,26.3,14.441999999999998,open,1,6.041666666666667,1.0,,19.1,18.566666666666666,145.0,54.666666666666664,4.1,6.8,97.0,79.33333333333333,0.0,0.0,,69045,13.0,0.0,0.0,47.8,10.0,504.0,561.0,8.0,0.0,0.0,52.2,7.0,563.0,609.0,7,45,3,64,0,1170.0,21.0,0.0,54.5,3,1.58,0.41,578.0,517.0,634.0,578.0,102.0,115.0,68.0,160.0,18.0,40.0,288.0,57.0,332.0,37.0,46.0,40.0,50.0,59.0,108.4,109.3,4.4,5.2,217.7,9.600000000000001,1.99,1212.0
760431,2026-06-17,2026-06-17 04:00:00+00:00,group,Austria,Jordan,3,1,4,2,H,Austria,0.4537,0.2764,0.2699,0.4477,H,0.4537,0.0,1.0,"Santa Clara, California",Levi's Stadium,37.403,-121.97,America/Los_Angeles,21.0,night(>=21),16.8,74.0,15.8,12.432,open,1,6.166666666666667,1.0,,13.7,13.6,9.0,3.0,11.2,8.799999999999999,9.0,4.666666666666667,0.0,0.0,,68527,12.0,1.0,0.0,63.2,11.0,487.0,580.0,7.0,0.0,0.0,36.8,11.0,241.0,332.0,12,45,4,72,0,912.0,19.0,1.0,58.5,4,1.93,0.53,587.0,499.0,344.0,254.0,112.0,63.0,132.0,91.0,35.0,23.0,206.0,44.0,322.0,42.0,54.0,55.0,83.0,85.0,120.4,119.2,6.7,6.7,239.60000000000002,13.4,2.46,931.0
760435,2026-06-17,2026-06-17 17:00:00+00:00,group,Portugal,DR Congo,1,1,2,0,D,,0.6084,0.2397,0.1519,0.9713,H,0.6084,1.0,0.0,"Houston, Texas",NRG Stadium,29.6847,-95.4107,America/Chicago,12.0,midday(<15),28.6,79.0,33.2,22.594,indoor_ac,0,6.708333333333333,1.0,,25.6,25.333333333333332,720.0,735.0,18.1,17.599999999999998,76.0,71.66666666666667,1.1,0.6666666666666666,,68777,9.0,3.0,0.0,75.4,7.0,724.0,783.0,10.0,1.0,0.0,24.6,8.0,195.0,249.0,4,45,1,57,1,1032.0,19.0,4.0,51.0,2,0.57,0.54,804.0,740.0,268.0,214.0,146.0,60.0,222.0,62.0,27.0,24.0,183.0,24.0,407.0,41.0,29.0,42.0,70.0,46.0,109.8,112.4,5.7,6.0,222.2,11.7,1.1099999999999999,1072.0
760437,2026-06-17,2026-06-17 20:00:00+00:00,group,England,Croatia,4,2,6,2,H,England,0.5287,0.2625,0.2088,0.3346,H,0.5287,0.0,1.0,"Arlington, Texas",AT&T Stadium,32.7473,-97.0945,America/Chicago,15.0,afternoon(15-18),32.5,52.0,35.2,16.9,indoor_ac,0,6.833333333333333,1.0,,24.9,25.13333333333333,797.0,778.6666666666666,21.4,20.6,6.0,9.0,0.0,0.0,,70389,10.0,0.0,0.0,51.7,22.0,406.0,474.0,12.0,0.0,0.0,48.3,10.0,381.0,443.0,6,72,0,58,1,917.0,22.0,0.0,65.0,1,3.33,0.82,482.0,421.0,459.0,399.0,82.0,85.0,78.0,89.0,23.0,20.0,262.0,38.0,295.0,50.0,36.0,35.0,63.0,48.0,117.0,113.7,6.6,6.4,230.7,13.0,4.15,941.0
760434,2026-06-17,2026-06-17 23:00:00+00:00,group,Ghana,Panama,1,0,1,1,H,Ghana,0.1563,0.2422,0.6015,1.1323,A,0.6015,1.0,0.0,Toronto,BMO Field,43.6332,-79.4185,America/Toronto,19.0,evening(18-21),18.7,75.0,18.1,14.025,open,1,6.958333333333333,1.0,,15.6,15.666666666666666,58.0,39.0,12.9,10.366666666666667,100.0,100.0,0.2,0.3333333333333333,,42942,9.0,1.0,0.0,38.0,7.0,292.0,352.0,11.0,2.0,0.0,62.0,11.0,503.0,583.0,12,45,3,63,0,935.0,20.0,3.0,54.0,3,0.98,0.77,362.0,304.0,597.0,526.0,70.0,105.0,66.0,114.0,36.0,22.0,294.0,60.0,201.0,62.0,49.0,48.0,70.0,75.0,119.0,117.3,6.2,5.7,236.3,11.9,1.75,959.0
760436,2026-06-18,2026-06-18 02:00:00+00:00,group,Uzbekistan,Colombia,1,3,4,-2,A,Colombia,0.1583,0.2431,0.5987,0.2452,A,0.5987,0.0,1.0,Mexico City,Estadio Azteca,19.3029,-99.1505,America/Mexico_City,20.0,evening(18-21),17.9,82.0,19.3,14.678,open,1,7.083333333333333,1.0,,15.7,15.333333333333334,1.0,0.3333333333333333,1.1,1.3,100.0,56.0,0.2,0.06666666666666667,,80824,14.0,1.0,0.0,38.6,8.0,243.0,319.0,11.0,1.0,0.0,61.4,15.0,444.0,519.0,8,45,2,72,0,838.0,25.0,2.0,58.5,2,1.11,1.16,334.0,267.0,534.0,469.0,70.0,72.0,64.0,110.0,20.0,23.0,264.0,36.0,160.0,32.0,32.0,31.0,40.0,60.0,112.0,108.7,4.5,4.7,220.7,9.2,2.27,868.0
760438,2026-06-18,2026-06-18 16:00:00+00:00,group,Czech Republic,South Africa,1,1,2,0,D,,0.4808,0.2722,0.247,0.8219,H,0.4808,1.0,0.0,"Atlanta, Georgia",Mercedes-Benz Stadium,33.7554,-84.4008,America/New_York,12.0,midday(<15),27.7,76.0,31.5,21.052,indoor_ac,0,7.666666666666667,2.0,6.583333333333333,24.3,23.766666666666666,589.0,546.0,13.3,11.700000000000001,100.0,99.33333333333333,0.1,0.4000000000000001,,67442,12.0,1.0,0.0,38.3,14.0,272.0,341.0,10.0,2.0,0.0,61.7,17.0,508.0,563.0,6,55,2,45,1,904.0,22.0,3.0,50.0,3,1.36,1.34,352.0,279.0,584.0,518.0,87.0,114.0,73.0,126.0,22.0,20.0,343.0,40.0,233.0,41.0,41.0,44.0,64.0,66.0,119.6,112.0,6.6,5.9,231.6,12.5,2.7,936.0
760439,2026-06-18,2026-06-18 19:00:00+00:00,group,Switzerland,Bosnia and Herzegovina,4,1,5,3,H,Switzerland,0.6407,0.2286,0.1307,0.1984,H,0.6407,0.0,1.0,"Inglewood, California",SoFi Stadium,33.9535,-118.3392,America/Los_Angeles,12.0,midday(<15),21.4,60.0,21.3,12.84,roof_canopy,0,7.791666666666667,2.0,5.0,16.3,16.500000000000004,451.0,557.3333333333334,7.7,8.9,100.0,83.66666666666667,0.0,0.0,,70026,7.0,1.0,0.0,62.3,13.0,516.0,586.0,18.0,2.0,1.0,37.7,5.0,287.0,354.0,7,71,0,63,0,940.0,25.0,6.0,67.0,0,1.85,0.3,601.0,531.0,359.0,289.0,115.0,69.0,166.0,61.0,24.0,24.0,234.0,40.0,339.0,48.0,46.0,42.0,70.0,62.0,114.9,113.1,5.8,5.6,228.0,11.399999999999999,2.15,960.0
760440,2026-06-18,2026-06-18 22:00:00+00:00,group,Canada,Qatar,6,0,6,6,H,Canada,0.7443,0.1832,0.0724,0.1042,H,0.7443,0.0,1.0,Vancouver,BC Place,49.2768,-123.112,America/Vancouver,15.0,afternoon(15-18),20.3,56.0,19.7,11.368,roof_canopy,0,7.916666666666667,2.0,5.125,14.8,15.333333333333334,867.0,775.3333333333334,17.5,17.2,51.0,50.666666666666664,0.0,0.0,,52497,9.0,1.0,0.0,79.0,32.0,515.0,567.0,10.0,1.0,2.0,21.0,2.0,104.0,162.0,14,45,2,40,4,729.0,19.0,8.0,42.5,6,3.9,0.2,575.0,535.0,166.0,107.0,131.0,23.0,416.0,11.0,16.0,7.0,107.0,27.0,274.0,43.0,31.0,23.0,89.0,34.0,111.2,90.8,5.7,3.7,202.0,9.4,4.1,741.0
760441,2026-06-19,2026-06-19 01:00:00+00:00,group,Mexico,South Korea,1,0,1,1,H,Mexico,0.4818,0.272,0.2461,0.4031,H,0.4818,0.0,1.0,Guadalajara,Estadio Akron,20.6819,-103.4625,America/Mexico_City,19.0,evening(18-21),20.9,80.0,22.0,16.72,open,1,8.041666666666666,2.0,6.958333333333333,18.3,17.96666666666667,127.0,47.333333333333336,10.2,9.933333333333334,68.0,55.666666666666664,0.2,0.10000000000000002,,45522,9.0,0.0,0.0,42.4,8.0,349.0,427.0,7.0,2.0,0.0,57.6,9.0,488.0,578.0,6,71,0,57,2,1005.0,16.0,2.0,64.0,2,0.34,0.87,432.0,360.0,593.0,510.0,76.0,75.0,56.0,84.0,18.0,16.0,265.0,39.0,217.0,37.0,46.0,48.0,69.0,62.0,116.5,112.1,5.3,5.3,228.6,10.6,1.21,1025.0
760442,2026-06-19,2026-06-19 19:00:00+00:00,group,United States,Australia,2,0,2,2,H,United States,0.376,0.2821,0.3418,0.5858,H,0.376,0.0,1.0,"Seattle, Washington",Lumen Field,47.5952,-122.3316,America/Los_Angeles,12.0,midday(<15),23.2,45.0,23.0,10.44,open,1,8.791666666666666,2.0,5.625,15.6,15.766666666666666,759.0,836.6666666666666,10.4,10.933333333333332,55.0,62.0,0.0,0.0,,66925,12.0,3.0,0.0,61.9,10.0,444.0,523.0,16.0,4.0,0.0,38.1,5.0,219.0,310.0,14,74,0,45,3,833.0,28.0,7.0,59.5,3,1.58,0.31,531.0,465.0,308.0,238.0,95.0,71.0,126.0,89.0,33.0,31.0,167.0,50.0,262.0,40.0,39.0,40.0,65.0,70.0,111.1,112.8,5.5,6.2,223.89999999999998,11.7,1.8900000000000001,839.0
760445,2026-06-19,2026-06-19 22:00:00+00:00,group,Scotland,Morocco,0,1,1,-1,A,Morocco,0.2514,0.2731,0.4755,0.4129,A,0.4755,0.0,1.0,"Foxborough, Massachusetts",Gillette Stadium,42.0909,-71.2643,America/New_York,18.0,evening(18-21),24.2,45.0,21.8,10.89,open,1,8.916666666666666,2.0,5.875,16.5,15.799999999999999,405.0,242.0,19.2,17.599999999999998,16.0,10.666666666666666,0.0,0.0,,64146,11.0,1.0,0.0,41.1,6.0,388.0,456.0,8.0,1.0,0.0,58.9,12.0,600.0,670.0,10,60,1,84,0,1126.0,19.0,2.0,72.0,1,0.74,0.8,460.0,403.0,676.0,612.0,87.0,83.0,77.0,99.0,26.0,32.0,304.0,36.0,260.0,56.0,39.0,40.0,49.0,61.0,117.8,115.4,5.9,6.4,233.2,12.3,1.54,1136.0
760444,2026-06-20,2026-06-20 00:30:00+00:00,group,Brazil,Haiti,3,0,3,3,H,Brazil,0.7356,0.1877,0.0767,0.111,H,0.7356,0.0,1.0,"Philadelphia, Pennsylvania",Lincoln Financial Field,39.9008,-75.1675,America/New_York,20.5,evening(18-21),26.7,31.0,23.9,8.277,open,1,9.020833333333334,2.0,5.979166666666667,16.1,15.9,110.0,38.666666666666664,15.9,13.233333333333334,43.0,21.666666666666668,0.0,0.0,,68324,13.0,1.0,0.0,56.7,8.0,462.0,525.0,14.0,3.0,0.0,43.3,7.0,332.0,399.0,8,40,1,45,2,924.0,27.0,4.0,42.5,3,1.42,0.26,551.0,484.0,402.0,338.0,105.0,84.0,84.0,88.0,21.0,29.0,195.0,32.0,294.0,58.0,39.0,34.0,50.0,63.0,113.6,112.8,5.9,6.1,226.39999999999998,12.0,1.68,953.0
760443,2026-06-20,2026-06-20 03:00:00+00:00,group,Turkey,Paraguay,0,1,1,-1,A,Paraguay,0.4132,0.2805,0.3063,0.7306,H,0.4132,1.0,0.0,"Santa Clara, California",Levi's Stadium,37.403,-121.97,America/Los_Angeles,20.0,evening(18-21),20.5,58.0,19.3,11.89,open,1,9.125,2.0,5.958333333333333,15.2,14.700000000000001,134.0,47.666666666666664,11.9,9.133333333333333,0.0,33.0,0.0,0.0,,68827,14.0,1.0,0.0,78.5,32.0,559.0,629.0,15.0,1.0,1.0,21.5,7.0,96.0,178.0,23,45,3,45,1,807.0,29.0,5.0,45.0,4,2.13,0.36,666.0,594.0,171.0,92.0,153.0,45.0,319.0,40.0,43.0,17.0,101.0,36.0,367.0,69.0,41.0,50.0,92.0,61.0,123.3,117.0,5.4,6.3,240.3,11.7,2.4899999999999998,837.0
760447,2026-06-20,2026-06-20 17:00:00+00:00,group,Netherlands,Sweden,5,1,6,4,H,Netherlands,0.5201,0.2645,0.2155,0.3467,H,0.5201,0.0,1.0,"Houston, Texas",NRG Stadium,29.6847,-95.4107,America/Chicago,12.0,midday(<15),27.7,82.0,32.6,22.714,indoor_ac,0,9.708333333333334,2.0,5.625,25.1,25.46666666666667,578.0,678.0,10.3,8.833333333333334,62.0,84.66666666666667,0.5,1.2666666666666666,,68777,9.0,0.0,0.0,50.9,10.0,398.0,449.0,12.0,3.0,0.0,49.1,16.0,361.0,425.0,6,45,3,55,3,874.0,21.0,3.0,50.0,6,2.25,1.3,447.0,398.0,438.0,377.0,96.0,100.0,97.0,118.0,25.0,20.0,232.0,38.0,228.0,38.0,47.0,37.0,54.0,53.0,108.4,110.1,5.5,5.7,218.5,11.2,3.55,885.0
760448,2026-06-20,2026-06-20 20:00:00+00:00,group,Germany,Ivory Coast,2,1,3,1,H,Germany,0.5268,0.2628,0.2103,0.3372,H,0.5268,0.0,1.0,Toronto,BMO Field,43.6332,-79.4185,America/Toronto,16.0,afternoon(15-18),23.0,38.0,22.3,8.74,open,1,9.833333333333334,2.0,5.875,14.4,14.466666666666667,805.0,652.6666666666666,10.6,10.299999999999999,12.0,42.0,0.0,0.0,,43036,5.0,0.0,0.0,59.5,16.0,555.0,624.0,7.0,0.0,0.0,40.5,9.0,367.0,431.0,12,45,4,75,0,1055.0,12.0,0.0,60.0,4,2.47,1.27,634.0,578.0,449.0,387.0,133.0,92.0,215.0,92.0,28.0,50.0,293.0,59.0,316.0,57.0,47.0,43.0,69.0,60.0,125.8,113.1,7.6,5.3,238.89999999999998,12.899999999999999,3.74,1083.0
760446,2026-06-21,2026-06-21 00:00:00+00:00,group,Ecuador,Curaçao,0,0,0,0,D,,0.7544,0.1781,0.0674,1.2492,H,0.7544,1.0,0.0,"Kansas City, Missouri",Arrowhead Stadium,39.0489,-94.4839,America/Chicago,19.0,evening(18-21),26.5,61.0,27.9,16.165,open,1,10.0,2.0,6.041666666666667,21.0,20.566666666666666,221.0,123.66666666666667,10.8,10.466666666666667,61.0,83.0,0.0,0.0,,68598,7.0,1.0,0.0,74.6,27.0,581.0,644.0,10.0,5.0,0.0,25.4,10.0,159.0,227.0,12,45,1,75,0,871.0,17.0,6.0,60.0,1,2.76,0.63,663.0,601.0,237.0,167.0,125.0,59.0,238.0,50.0,41.0,31.0,155.0,49.0,345.0,50.0,43.0,35.0,92.0,60.0,103.7,106.1,5.4,5.2,209.8,10.600000000000001,3.3899999999999997,900.0
760449,2026-06-21,2026-06-21 04:00:00+00:00,group,Tunisia,Japan,0,4,4,-4,A,Japan,0.07,0.1809,0.7492,0.1005,A,0.7492,0.0,1.0,Guadalupe,Estadio BBVA (Monterrey),25.669,-100.244,America/Monterrey,22.0,night(>=21),23.3,96.0,28.0,22.368,open,1,10.166666666666666,2.0,6.083333333333333,22.8,22.46666666666667,0.0,0.0,3.9,2.6,40.0,60.0,0.0,0.0,,51243,8.0,0.0,0.0,37.9,2.0,284.0,354.0,15.0,0.0,0.0,62.1,11.0,521.0,583.0,6,45,2,73,0,937.0,23.0,0.0,59.0,2,0.02,1.36,376.0,305.0,593.0,535.0,58.0,85.0,55.0,119.0,13.0,17.0,233.0,35.0,219.0,50.0,34.0,35.0,45.0,52.0,112.4,112.2,5.5,5.3,224.60000000000002,10.8,1.3800000000000001,969.0
760453,2026-06-21,2026-06-21 16:00:00+00:00,group,Spain,Saudi Arabia,4,0,4,4,H,Spain,0.8339,0.1324,0.0337,0.0463,H,0.8339,0.0,1.0,"Atlanta, Georgia",Mercedes-Benz Stadium,33.7554,-84.4008,America/New_York,12.0,midday(<15),26.8,66.0,30.3,17.688,indoor_ac,0,10.666666666666666,2.0,5.75,22.1,22.26666666666667,601.0,737.6666666666666,4.7,4.8,93.0,94.66666666666667,0.0,0.06666666666666667,,68239,10.0,0.0,0.0,67.1,22.0,668.0,726.0,2.0,2.0,0.0,32.9,3.0,294.0,364.0,9,45,2,45,4,1090.0,12.0,2.0,45.0,6,3.2,0.11,743.0,688.0,389.0,309.0,159.0,77.0,259.0,63.0,25.0,19.0,214.0,30.0,413.0,34.0,44.0,42.0,87.0,54.0,115.5,115.0,5.9,6.7,230.5,12.600000000000001,3.31,1132.0
760451,2026-06-21,2026-06-21 19:00:00+00:00,group,Belgium,Iran,0,0,0,0,D,,0.4595,0.2756,0.2649,0.8061,H,0.4595,1.0,0.0,"Inglewood, California",SoFi Stadium,33.9535,-118.3392,America/Los_Angeles,12.0,midday(<15),22.5,56.0,23.6,12.6,roof_canopy,0,10.791666666666666,2.0,5.75,16.7,16.733333333333334,810.0,911.0,9.6,11.666666666666666,21.0,15.333333333333334,0.0,0.0,,70317,7.0,1.0,1.0,70.1,23.0,533.0,621.0,9.0,1.0,0.0,29.9,7.0,198.0,270.0,9,58,3,45,1,891.0,16.0,5.0,51.5,4,1.48,0.48,637.0,562.0,275.0,201.0,120.0,40.0,267.0,46.0,33.0,9.0,121.0,13.0,343.0,49.0,45.0,43.0,90.0,59.0,111.7,112.6,5.2,5.2,224.3,10.4,1.96,912.0
760450,2026-06-21,2026-06-21 22:00:00+00:00,group,Uruguay,Cape Verde,2,2,4,0,D,,0.6482,0.2257,0.126,1.0356,H,0.6482,1.0,0.0,"Miami Gardens, Florida",Hard Rock Stadium,25.958,-80.2389,America/New_York,18.0,evening(18-21),31.4,58.0,35.3,18.212,open,1,10.916666666666666,2.0,6.0,24.9,25.0,447.0,260.0,7.0,5.733333333333333,82.0,64.33333333333333,0.4,0.2333333333333333,,64003,11.0,2.0,0.0,65.2,17.0,420.0,511.0,4.0,2.0,0.0,34.8,12.0,205.0,278.0,11,70,0,45,3,789.0,15.0,4.0,57.5,3,2.23,0.54,517.0,444.0,293.0,218.0,92.0,62.0,183.0,47.0,31.0,29.0,198.0,43.0,233.0,39.0,41.0,46.0,78.0,61.0,112.8,107.4,6.7,4.7,220.2,11.4,2.77,810.0
760452,2026-06-22,2026-06-22 01:00:00+00:00,group,New Zealand,Egypt,1,3,4,-2,A,Egypt,0.2414,0.271,0.4876,0.3943,A,0.4876,0.0,1.0,Vancouver,BC Place,49.2768,-123.112,America/Vancouver,18.0,evening(18-21),22.0,41.0,20.2,9.02,roof_canopy,0,11.041666666666666,2.0,6.0,14.0,13.866666666666665,534.0,366.3333333333333,8.5,7.433333333333333,5.0,5.0,0.0,0.0,,52497,14.0,2.0,0.0,44.4,11.0,337.0,421.0,8.0,1.0,0.0,55.6,19.0,460.0,526.0,11,66,0,41,1,947.0,22.0,3.0,53.5,1,0.71,2.1,437.0,355.0,544.0,486.0,85.0,110.0,80.0,167.0,23.0,17.0,289.0,47.0,249.0,45.0,39.0,51.0,76.0,72.0,118.5,118.3,6.8,7.1,236.8,13.899999999999999,2.81,981.0
760456,2026-06-22,2026-06-22 17:00:00+00:00,group,Argentina,Austria,2,0,2,2,H,Argentina,0.6337,0.2311,0.1351,0.2058,H,0.6337,0.0,1.0,"Arlington, Texas",AT&T Stadium,32.7473,-97.0945,America/Chicago,12.0,midday(<15),29.1,73.0,35.1,21.243,indoor_ac,0,11.708333333333334,2.0,5.541666666666667,25.2,25.76666666666667,814.0,872.6666666666666,10.1,12.766666666666666,5.0,15.0,0.0,0.03333333333333333,,70649,13.0,2.0,0.0,53.6,12.0,494.0,554.0,13.0,2.0,0.0,46.4,6.0,401.0,468.0,13,57,1,67,0,1022.0,26.0,4.0,62.0,1,2.45,0.63,564.0,509.0,475.0,416.0,87.0,91.0,103.0,146.0,14.0,18.0,229.0,35.0,299.0,48.0,41.0,31.0,53.0,65.0,104.4,107.8,4.5,4.9,212.2,9.4,3.08,1039.0
760457,2026-06-22,2026-06-22 21:00:00+00:00,group,France,Iraq,3,0,3,3,H,France,0.7605,0.175,0.0646,0.0922,H,0.7605,0.0,1.0,"Philadelphia, Pennsylvania",Lincoln Financial Field,39.9008,-75.1675,America/New_York,17.0,afternoon(15-18),30.6,44.0,30.3,13.464,open,1,11.875,2.0,5.958333333333333,21.6,22.099999999999998,462.0,250.0,18.5,10.666666666666666,97.0,97.33333333333333,0.6,1.5,,68324,8.0,0.0,0.0,55.6,19.0,540.0,603.0,4.0,1.0,0.0,44.4,4.0,413.0,481.0,4,68,0,26,3,1084.0,12.0,1.0,47.0,3,2.3,0.7,604.0,553.0,502.0,431.0,117.0,89.0,246.0,50.0,38.0,26.0,257.0,35.0,304.0,43.0,42.0,37.0,79.0,55.0,107.7,112.1,4.7,4.5,219.8,9.2,3.0,1106.0
760454,2026-06-23,2026-06-23 00:00:00+00:00,group,Norway,Senegal,3,2,5,1,H,Norway,0.5487,0.2575,0.1938,0.3075,H,0.5487,0.0,1.0,"East Rutherford, New Jersey",MetLife Stadium,40.8135,-74.0745,America/New_York,20.0,evening(18-21),21.3,92.0,23.7,19.596,open,1,12.0,2.0,6.083333333333333,20.3,20.666666666666668,56.0,19.0,9.4,10.799999999999999,100.0,96.33333333333333,0.5,0.3333333333333333,,80663,13.0,0.0,0.0,41.7,13.0,282.0,353.0,5.0,0.0,0.0,58.3,16.0,430.0,489.0,8,13,2,54,2,842.0,18.0,0.0,33.5,4,1.5,2.05,361.0,295.0,504.0,447.0,68.0,99.0,87.0,181.0,19.0,27.0,224.0,33.0,233.0,41.0,32.0,36.0,55.0,74.0,120.3,111.2,6.5,6.1,231.5,12.6,3.55,865.0
760455,2026-06-23,2026-06-23 03:00:00+00:00,group,Jordan,Algeria,1,2,3,-1,A,Algeria,0.2078,0.2622,0.5299,0.3329,A,0.5299,0.0,1.0,"Santa Clara, California",Levi's Stadium,37.403,-121.97,America/Los_Angeles,20.0,evening(18-21),17.4,69.0,16.3,12.005999999999998,open,1,12.125,2.0,5.958333333333333,13.6,13.066666666666668,133.0,47.666666666666664,10.6,10.133333333333335,1.0,1.0,0.0,0.0,,68371,11.0,1.0,0.0,27.9,8.0,181.0,251.0,6.0,1.0,0.0,72.1,17.0,561.0,641.0,4,76,0,45,2,892.0,17.0,2.0,60.5,2,0.38,2.05,270.0,201.0,661.0,590.0,71.0,99.0,49.0,182.0,29.0,39.0,355.0,76.0,199.0,48.0,47.0,55.0,67.0,85.0,117.5,116.3,5.9,6.6,233.8,12.5,2.4299999999999997,931.0
760461,2026-06-23,2026-06-23 17:00:00+00:00,group,Portugal,Uzbekistan,5,0,5,5,H,Portugal,0.5911,0.2455,0.1634,0.2542,H,0.5911,0.0,1.0,"Houston, Texas",NRG Stadium,29.6847,-95.4107,America/Chicago,12.0,midday(<15),31.3,67.0,37.9,20.971,indoor_ac,0,12.708333333333334,2.0,5.625,26.2,26.23333333333333,815.0,885.3333333333334,8.6,10.233333333333333,16.0,13.333333333333334,0.0,0.0,,68777,14.0,1.0,0.0,65.9,17.0,561.0,624.0,15.0,1.0,0.0,34.1,7.0,262.0,327.0,7,45,2,45,2,951.0,29.0,2.0,45.0,4,,,,,,,,,,,,,,,,,,,,,,,,,,,,
760458,2026-06-23,2026-06-23 20:00:00+00:00,group,England,Ghana,0,0,0,0,D,,0.7828,0.1629,0.0543,1.3165,H,0.7828,1.0,0.0,"Foxborough, Massachusetts",Gillette Stadium,42.0909,-71.2643,America/New_York,16.0,afternoon(15-18),19.6,96.0,21.4,18.816000000000003,open,1,12.833333333333334,2.0,5.875,19.1,19.0,163.0,144.66666666666666,9.9,8.6,100.0,100.0,0.5,0.3666666666666667,,63983,14.0,1.0,0.0,78.9,19.0,586.0,633.0,24.0,1.0,0.0,21.1,2.0,127.0,172.0,8,65,0,66,0,805.0,38.0,2.0,65.5,0,1.78,0.34,652.0,605.0,179.0,128.0,106.0,36.0,218.0,24.0,31.0,11.0,105.0,39.0,298.0,50.0,25.0,31.0,65.0,32.0,108.3,105.9,5.1,4.3,214.2,9.399999999999999,2.12,831.0
760460,2026-06-23,2026-06-23 23:00:00+00:00,group,Panama,Croatia,0,1,1,-1,A,Croatia,0.2114,0.2633,0.5253,0.3394,A,0.5253,0.0,1.0,Toronto,BMO Field,43.6332,-79.4185,America/Toronto,19.0,evening(18-21),22.1,50.0,20.3,11.05,open,1,12.958333333333334,2.0,6.0,15.5,14.833333333333334,332.0,183.66666666666666,15.1,13.799999999999999,27.0,42.0,0.2,0.06666666666666667,,43036,19.0,1.0,0.0,42.0,8.0,277.0,352.0,12.0,1.0,0.0,58.0,6.0,432.0,512.0,4,77,0,45,2,864.0,31.0,2.0,61.0,2,0.69,0.82,356.0,282.0,518.0,445.0,80.0,75.0,97.0,96.0,24.0,19.0,269.0,58.0,236.0,51.0,44.0,47.0,81.0,65.0,108.2,110.0,5.8,6.9,218.2,12.7,1.5099999999999998,874.0
760459,2026-06-24,2026-06-24 02:00:00+00:00,group,Colombia,DR Congo,1,0,1,1,H,Colombia,0.671,0.2165,0.1125,0.1678,H,0.671,0.0,1.0,Guadalajara,Estadio Akron,20.6819,-103.4625,America/Mexico_City,20.0,evening(18-21),18.4,88.0,19.5,16.191999999999997,open,1,13.083333333333334,2.0,6.0,17.0,16.400000000000002,15.0,5.0,7.4,7.433333333333334,13.0,14.0,0.0,0.0,,45358,12.0,2.0,0.0,63.5,20.0,473.0,541.0,16.0,1.0,0.0,36.5,7.0,226.0,299.0,7,58,2,45,2,840.0,28.0,3.0,51.5,4,1.54,0.42,548.0,475.0,315.0,236.0,94.0,51.0,146.0,56.0,14.0,10.0,155.0,31.0,300.0,47.0,40.0,40.0,64.0,59.0,104.0,106.0,5.0,5.1,210.0,10.1,1.96,863.0
760462,2026-06-24,2026-06-24 19:00:00+00:00,group,Bosnia and Herzegovina,Qatar,3,1,4,2,H,Bosnia and Herzegovina,0.407,0.3307,0.2622,0.5298,H,0.407,0.0,1.0,"Seattle, Washington",Lumen Field,47.5952,-122.3316,America/Los_Angeles,12.0,midday(<15),27.0,36.0,28.6,9.72,open,1,13.791666666666666,3.0,5.875,17.4,17.7,851.0,895.6666666666666,4.0,2.8000000000000003,6.0,32.0,0.0,0.0,,66925,9.0,1.0,0.0,54.4,14.0,452.0,515.0,14.0,1.0,0.0,45.6,9.0,371.0,434.0,13,45,2,45,2,949.0,23.0,2.0,45.0,4,0.77,1.17,521.0,461.0,457.0,388.0,99.0,90.0,92.0,94.0,29.0,13.0,248.0,41.0,264.0,37.0,43.0,42.0,59.0,55.0,113.8,110.0,5.5,5.4,223.8,10.9,1.94,978.0
760463,2026-06-24,2026-06-24 19:00:00+00:00,group,Switzerland,Canada,2,1,3,1,H,Switzerland,0.3176,0.3359,0.3466,0.6986,A,0.3466,1.0,0.0,Vancouver,BC Place,49.2768,-123.112,America/Vancouver,12.0,midday(<15),24.1,45.0,25.0,10.845,roof_canopy,0,13.791666666666666,3.0,5.875,16.5,16.2,772.0,844.3333333333334,6.2,7.933333333333333,24.0,15.666666666666666,0.0,0.0,,52497,19.0,1.0,0.0,55.3,6.0,369.0,443.0,13.0,2.0,0.0,44.7,13.0,271.0,339.0,4,74,0,58,3,782.0,32.0,3.0,66.0,3,1.68,1.61,471.0,389.0,353.0,275.0,95.0,87.0,55.0,103.0,16.0,21.0,216.0,50.0,299.0,44.0,49.0,50.0,53.0,64.0,109.9,114.6,5.2,7.1,224.5,12.3,3.29,824.0
760465,2026-06-24,2026-06-24 22:00:00+00:00,group,Scotland,Brazil,0,3,3,-3,A,Brazil,0.1853,0.3096,0.5051,0.3751,A,0.5051,0.0,1.0,"Miami Gardens, Florida",Hard Rock Stadium,25.958,-80.2389,America/New_York,18.0,evening(18-21),27.3,87.0,33.6,23.751,open,1,13.916666666666666,3.0,4.895833333333333,25.5,25.46666666666667,314.0,193.33333333333334,2.1,2.5333333333333337,92.0,96.66666666666667,1.1,0.43333333333333335,,64478,10.0,1.0,0.0,46.0,14.0,450.0,500.0,11.0,2.0,0.0,54.0,21.0,564.0,605.0,7,45,1,65,0,1105.0,21.0,3.0,55.0,1,0.69,3.78,520.0,466.0,615.0,571.0,99.0,108.0,96.0,139.0,15.0,20.0,241.0,34.0,227.0,24.0,33.0,28.0,49.0,53.0,113.2,110.7,4.4,4.2,223.9,8.600000000000001,4.47,1135.0
760464,2026-06-24,2026-06-24 22:00:00+00:00,group,Morocco,Haiti,4,2,6,2,H,Morocco,0.6851,0.2357,0.0792,0.161,H,0.6851,0.0,1.0,"Atlanta, Georgia",Mercedes-Benz Stadium,33.7554,-84.4008,America/New_York,18.0,evening(18-21),28.5,43.0,29.4,12.255,indoor_ac,0,13.916666666666666,3.0,4.895833333333333,19.8,20.066666666666666,554.0,348.6666666666667,4.7,4.666666666666667,51.0,27.333333333333332,0.0,0.0,,68239,10.0,0.0,0.0,69.1,22.0,477.0,541.0,18.0,3.0,0.0,30.9,9.0,198.0,247.0,11,70,0,67,0,788.0,28.0,3.0,68.5,0,2.12,0.65,557.0,495.0,265.0,212.0,124.0,49.0,157.0,40.0,39.0,32.0,172.0,57.0,331.0,50.0,38.0,50.0,64.0,59.0,111.2,107.5,6.8,5.9,218.7,12.7,2.77,822.0
760467,2026-06-25,2026-06-25 01:00:00+00:00,group,Czech Republic,Mexico,0,3,3,-3,A,Mexico,0.0941,0.2511,0.6548,0.1911,A,0.6548,0.0,1.0,Mexico City,Estadio Azteca,19.3029,-99.1505,America/Mexico_City,19.0,evening(18-21),19.0,61.0,18.5,11.59,open,1,14.041666666666666,3.0,6.0,14.2,14.5,91.0,31.0,6.5,3.766666666666667,61.0,63.0,0.1,0.8333333333333334,,80824,9.0,0.0,0.0,51.9,13.0,333.0,398.0,13.0,1.0,0.0,48.1,11.0,330.0,386.0,10,56,1,63,0,784.0,22.0,1.0,59.5,1,0.44,2.1,423.0,352.0,394.0,340.0,82.0,71.0,80.0,109.0,18.0,14.0,213.0,27.0,233.0,23.0,38.0,35.0,66.0,51.0,111.6,114.7,5.3,5.5,226.3,10.8,2.54,817.0
760466,2026-06-25,2026-06-25 01:00:00+00:00,group,South Africa,South Korea,1,0,1,1,H,South Africa,0.14,0.2867,0.5732,1.1504,A,0.5732,1.0,0.0,Guadalupe,Estadio BBVA (Monterrey),25.669,-100.244,America/Monterrey,19.0,evening(18-21),29.6,57.0,31.1,16.872,open,1,14.041666666666666,3.0,6.0,23.1,22.8,151.0,55.333333333333336,16.3,14.5,4.0,2.6666666666666665,0.0,0.0,,51243,7.0,1.0,0.0,31.6,13.0,277.0,340.0,9.0,1.0,0.0,68.4,8.0,641.0,719.0,4,62,0,45,3,1059.0,16.0,2.0,53.5,3,0.89,0.74,345.0,279.0,718.0,657.0,69.0,114.0,53.0,187.0,21.0,15.0,321.0,37.0,199.0,27.0,40.0,28.0,68.0,63.0,111.8,111.0,5.4,5.4,222.8,10.8,1.63,1063.0
760473,2026-06-25,2026-06-25 20:00:00+00:00,group,Curaçao,Ivory Coast,0,2,2,-2,A,Ivory Coast,0.1805,0.2853,0.5343,0.3309,A,0.5343,0.0,1.0,"Philadelphia, Pennsylvania",Lincoln Financial Field,39.9008,-75.1675,America/New_York,16.0,afternoon(15-18),29.2,35.0,28.6,10.22,open,1,14.833333333333334,3.0,4.833333333333333,18.9,18.933333333333334,627.0,468.3333333333333,11.8,13.200000000000001,95.0,80.0,0.0,0.0,,68324,11.0,2.0,0.0,36.7,11.0,295.0,355.0,6.0,1.0,0.0,63.3,7.0,558.0,624.0,6,61,0,45,1,979.0,17.0,3.0,53.0,1,0.66,0.93,369.0,312.0,644.0,574.0,78.0,116.0,69.0,131.0,27.0,26.0,299.0,62.0,201.0,43.0,43.0,44.0,57.0,65.0,106.2,106.4,5.5,5.3,212.60000000000002,10.8,1.59,1013.0
760468,2026-06-25,2026-06-25 20:00:00+00:00,group,Ecuador,Germany,2,1,3,1,H,Ecuador,0.2579,0.3075,0.4346,0.8341,A,0.4346,1.0,0.0,"East Rutherford, New Jersey",MetLife Stadium,40.8135,-74.0745,America/New_York,16.0,afternoon(15-18),27.9,39.0,26.5,10.880999999999998,open,1,14.833333333333334,3.0,4.833333333333333,18.5,18.2,579.0,511.0,15.8,16.46666666666667,41.0,62.0,0.0,0.0,,80663,15.0,3.0,0.0,38.9,7.0,312.0,378.0,10.0,1.0,0.0,61.1,11.0,517.0,592.0,7,64,0,45,3,970.0,25.0,4.0,54.5,3,1.29,0.74,389.0,325.0,612.0,537.0,61.0,114.0,93.0,146.0,24.0,25.0,299.0,58.0,231.0,41.0,49.0,51.0,66.0,85.0,109.8,114.5,6.1,6.3,224.3,12.399999999999999,2.0300000000000002,1001.0
760471,2026-06-25,2026-06-25 23:00:00+00:00,group,Japan,Sweden,1,1,2,0,D,,0.572,0.2733,0.1547,0.8792,H,0.572,1.0,0.0,"Arlington, Texas",AT&T Stadium,32.7473,-97.0945,America/Chicago,18.0,evening(18-21),33.2,46.0,34.2,15.272,indoor_ac,0,14.958333333333334,3.0,4.791666666666667,24.2,24.366666666666664,530.0,333.6666666666667,19.2,18.933333333333334,31.0,51.666666666666664,0.0,0.0,,70137,20.0,1.0,0.0,52.3,8.0,378.0,445.0,11.0,2.0,0.0,47.7,11.0,312.0,395.0,8,39,1,37,1,840.0,31.0,3.0,38.0,2,1.22,0.56,454.0,381.0,410.0,330.0,79.0,72.0,95.0,111.0,16.0,18.0,221.0,47.0,201.0,26.0,42.0,37.0,62.0,74.0,110.2,111.1,5.3,5.1,221.3,10.399999999999999,1.78,864.0
760472,2026-06-25,2026-06-25 23:00:00+00:00,group,Tunisia,Netherlands,1,3,4,-2,A,Netherlands,0.0577,0.191,0.7513,0.1017,A,0.7513,0.0,1.0,"Kansas City, Missouri",Arrowhead Stadium,39.0489,-94.4839,America/Chicago,18.0,evening(18-21),22.2,91.0,24.9,20.202,open,1,14.958333333333334,3.0,4.791666666666667,21.1,20.833333333333332,283.0,115.0,10.7,10.399999999999999,100.0,99.0,1.5,2.9333333333333336,,68391,11.0,0.0,0.0,28.6,10.0,199.0,258.0,10.0,0.0,0.0,71.4,20.0,602.0,647.0,4,67,0,72,0,905.0,21.0,0.0,69.5,0,0.76,1.79,265.0,208.0,668.0,619.0,56.0,115.0,54.0,233.0,15.0,25.0,346.0,51.0,173.0,32.0,34.0,34.0,40.0,61.0,111.1,106.8,5.1,5.3,217.89999999999998,10.399999999999999,2.55,933.0
760469,2026-06-26,2026-06-26 02:00:00+00:00,group,Paraguay,Australia,0,0,0,0,D,,0.3415,0.3147,0.3438,0.7045,A,0.3438,1.0,0.0,"Santa Clara, California",Levi's Stadium,37.403,-121.97,America/Los_Angeles,19.0,evening(18-21),20.1,54.0,18.2,10.854,open,1,15.083333333333334,3.0,5.958333333333333,14.2,13.333333333333334,325.0,155.66666666666666,13.4,10.133333333333333,2.0,8.333333333333334,0.0,0.0,,68827,9.0,1.0,0.0,44.0,7.0,330.0,426.0,6.0,1.0,0.0,56.0,12.0,438.0,537.0,8,45,1,58,1,963.0,15.0,2.0,51.5,2,0.29,0.7,418.0,345.0,526.0,446.0,49.0,86.0,62.0,109.0,18.0,30.0,284.0,62.0,210.0,33.0,51.0,43.0,64.0,93.0,113.1,116.4,5.5,5.6,229.5,11.1,0.99,944.0
760470,2026-06-26,2026-06-26 02:00:00+00:00,group,Turkey,United States,3,2,5,1,H,Turkey,0.1395,0.264,0.5965,1.166,A,0.5965,1.0,0.0,"Inglewood, California",SoFi Stadium,33.9535,-118.3392,America/Los_Angeles,19.0,evening(18-21),19.8,67.0,19.4,13.266000000000002,roof_canopy,0,15.083333333333334,3.0,5.958333333333333,15.7,15.466666666666669,256.0,108.66666666666667,10.3,8.633333333333335,0.0,0.6666666666666666,0.0,0.0,,70492,13.0,0.0,0.0,47.4,9.0,335.0,434.0,13.0,1.0,0.0,52.6,18.0,398.0,471.0,10,84,0,58,1,905.0,26.0,1.0,71.0,1,1.71,1.78,456.0,353.0,495.0,424.0,88.0,91.0,106.0,111.0,24.0,19.0,219.0,56.0,267.0,50.0,50.0,47.0,75.0,61.0,115.0,127.6,5.8,7.7,242.6,13.5,3.49,951.0
760474,2026-06-26,2026-06-26 19:00:00+00:00,group,Senegal,Iraq,5,0,5,5,H,Senegal,0.455,0.2995,0.2454,0.4469,H,0.455,0.0,1.0,Toronto,BMO Field,43.6332,-79.4185,America/Toronto,15.0,afternoon(15-18),20.1,82.0,22.0,16.482,open,1,15.791666666666666,3.0,3.7916666666666665,17.9,17.966666666666665,732.0,596.3333333333334,10.8,10.700000000000001,99.0,99.66666666666667,0.2,0.26666666666666666,,43036,10.0,2.0,0.0,69.2,28.0,517.0,590.0,11.0,2.0,1.0,30.8,6.0,184.0,266.0,10,57,4,16,4,856.0,21.0,7.0,36.5,8,2.7,0.21,585.0,523.0,280.0,200.0,107.0,52.0,240.0,41.0,40.0,17.0,162.0,23.0,259.0,48.0,38.0,43.0,71.0,53.0,111.9,104.7,6.1,5.4,216.60000000000002,11.5,2.91,865.0
760475,2026-06-26,2026-06-26 19:00:00+00:00,group,Norway,France,1,4,5,-3,A,France,0.296,0.3072,0.3968,0.5458,A,0.3968,0.0,1.0,"Foxborough, Massachusetts",Gillette Stadium,42.0909,-71.2643,America/New_York,15.0,afternoon(15-18),20.9,92.0,22.6,19.228,open,1,15.791666666666666,3.0,3.7916666666666665,19.9,20.400000000000002,347.0,494.3333333333333,12.5,12.633333333333335,69.0,63.0,1.2,0.5333333333333333,,64146,9.0,1.0,0.0,43.3,10.0,343.0,421.0,11.0,1.0,0.0,56.7,18.0,480.0,555.0,8,45,2,65,0,976.0,20.0,2.0,55.0,2,1.45,1.05,449.0,367.0,549.0,492.0,75.0,98.0,96.0,184.0,24.0,28.0,297.0,43.0,234.0,45.0,38.0,43.0,64.0,68.0,113.5,109.1,6.0,5.6,222.6,11.6,2.5,998.0
760478,2026-06-27,2026-06-27 00:00:00+00:00,group,Cape Verde,Saudi Arabia,0,0,0,0,D,,0.3193,0.3089,0.3718,0.7178,A,0.3718,1.0,0.0,"Houston, Texas",NRG Stadium,29.6847,-95.4107,America/Chicago,19.0,evening(18-21),30.9,61.0,33.8,18.849,indoor_ac,0,16.0,3.0,5.083333333333333,24.9,24.5,302.0,141.0,15.3,13.266666666666666,2.0,6.0,0.0,0.0,,68278,10.0,1.0,0.0,51.0,15.0,381.0,451.0,16.0,3.0,0.0,49.0,7.0,359.0,444.0,10,61,0,33,2,895.0,26.0,4.0,47.0,2,1.37,0.35,465.0,402.0,455.0,370.0,113.0,76.0,133.0,95.0,36.0,21.0,206.0,34.0,304.0,66.0,53.0,42.0,83.0,67.0,115.5,113.9,6.2,7.3,229.4,13.5,1.7200000000000002,920.0
760479,2026-06-27,2026-06-27 00:00:00+00:00,group,Uruguay,Spain,0,1,1,-1,A,Spain,0.1035,0.2346,0.6619,0.1801,A,0.6619,0.0,1.0,Guadalajara,Estadio Akron,20.6819,-103.4625,America/Mexico_City,18.0,evening(18-21),23.4,56.0,24.4,13.104,open,1,16.0,3.0,5.083333333333333,17.5,17.0,249.0,132.66666666666666,2.2,5.7,57.0,44.666666666666664,2.6,1.1666666666666667,,45065,14.0,3.0,1.0,33.1,5.0,228.0,301.0,14.0,1.0,0.0,66.9,6.0,553.0,622.0,10,45,3,60,2,923.0,28.0,7.0,52.5,5,0.22,1.12,305.0,241.0,637.0,570.0,68.0,134.0,94.0,89.0,24.0,37.0,390.0,64.0,215.0,35.0,53.0,49.0,67.0,65.0,113.8,111.2,6.5,5.1,225.0,11.6,1.34,942.0
760476,2026-06-27,2026-06-27 03:00:00+00:00,group,Egypt,Iran,1,1,2,0,D,,0.3784,0.3085,0.3131,0.7194,H,0.3784,1.0,0.0,"Seattle, Washington",Lumen Field,47.5952,-122.3316,America/Los_Angeles,20.0,evening(18-21),17.1,69.0,14.4,11.799,open,1,16.125,3.0,5.083333333333333,13.4,13.200000000000001,157.0,67.33333333333333,20.8,15.4,35.0,57.0,0.0,0.0,,66925,11.0,3.0,0.0,61.4,15.0,513.0,589.0,16.0,4.0,0.0,38.6,13.0,281.0,367.0,11,14,4,45,1,956.0,27.0,7.0,29.5,5,0.92,2.24,588.0,525.0,359.0,280.0,97.0,73.0,123.0,87.0,30.0,21.0,169.0,30.0,278.0,45.0,52.0,43.0,76.0,78.0,117.2,118.8,5.9,6.5,236.0,12.4,3.16,947.0
760477,2026-06-27,2026-06-27 03:00:00+00:00,group,New Zealand,Belgium,1,5,6,-4,A,Belgium,0.1221,0.2484,0.6295,0.2139,A,0.6295,0.0,1.0,Vancouver,BC Place,49.2768,-123.112,America/Vancouver,20.0,evening(18-21),15.9,81.0,16.0,12.879,roof_canopy,0,16.125,3.0,5.083333333333333,13.7,13.366666666666667,163.0,73.33333333333333,5.2,6.866666666666667,38.0,36.666666666666664,0.0,0.16666666666666666,,52497,10.0,2.0,0.0,45.5,6.0,369.0,436.0,7.0,0.0,0.0,54.5,35.0,462.0,525.0,7,45,2,56,1,961.0,17.0,2.0,50.5,3,0.3,3.99,450.0,379.0,530.0,475.0,82.0,118.0,77.0,203.0,17.0,38.0,321.0,51.0,249.0,32.0,32.0,44.0,50.0,82.0,117.6,119.8,6.9,6.9,237.39999999999998,13.8,4.29,980.0
760480,2026-06-27,2026-06-27 21:00:00+00:00,group,Croatia,Ghana,2,1,3,1,H,Croatia,0.6013,0.246,0.1527,0.2428,H,0.6013,0.0,1.0,"Philadelphia, Pennsylvania",Lincoln Financial Field,39.9008,-75.1675,America/New_York,17.0,afternoon(15-18),23.3,78.0,25.3,18.174,open,1,16.875,3.0,3.9166666666666665,20.4,20.03333333333333,357.0,243.33333333333334,10.0,9.366666666666667,100.0,84.33333333333333,0.1,0.03333333333333333,,68324,9.0,1.0,0.0,53.3,8.0,477.0,523.0,13.0,1.0,0.0,46.7,6.0,402.0,455.0,7,66,0,45,2,978.0,22.0,2.0,55.5,2,0.48,0.75,538.0,487.0,466.0,411.0,84.0,50.0,82.0,60.0,27.0,27.0,189.0,30.0,271.0,36.0,32.0,40.0,52.0,47.0,110.5,106.4,5.0,5.0,216.9,10.0,1.23,1004.0
760485,2026-06-27,2026-06-27 21:00:00+00:00,group,Panama,England,0,2,2,-2,A,England,0.0842,0.1993,0.7164,0.1272,A,0.7164,0.0,1.0,"East Rutherford, New Jersey",MetLife Stadium,40.8135,-74.0745,America/New_York,17.0,afternoon(15-18),22.1,86.0,25.5,19.006,open,1,16.875,3.0,3.9166666666666665,20.3,20.366666666666667,268.0,224.33333333333334,1.8,3.266666666666667,73.0,90.33333333333333,2.4,1.0666666666666667,,80663,16.0,2.0,0.0,32.9,13.0,202.0,268.0,13.0,1.0,0.0,67.1,17.0,490.0,558.0,10,45,1,63,0,826.0,29.0,3.0,54.0,1,0.72,1.61,306.0,231.0,562.0,500.0,84.0,114.0,48.0,177.0,22.0,25.0,283.0,55.0,228.0,46.0,55.0,44.0,57.0,72.0,111.3,115.2,6.2,7.6,226.5,13.8,2.33,868.0
760481,2026-06-27,2026-06-27 23:30:00+00:00,group,Colombia,Portugal,0,0,0,0,D,,0.4455,0.2827,0.2719,0.7869,H,0.4455,1.0,0.0,"Miami Gardens, Florida",Hard Rock Stadium,25.958,-80.2389,America/New_York,19.5,evening(18-21),29.8,63.0,33.9,18.774,open,1,16.979166666666668,3.0,3.8958333333333335,24.3,25.03333333333333,289.0,128.0,5.5,4.9,14.0,10.333333333333334,0.0,0.0,,64478,12.0,1.0,0.0,54.6,24.0,485.0,544.0,6.0,0.0,0.0,45.4,13.0,405.0,446.0,7,60,2,45,2,990.0,18.0,1.0,52.5,4,1.85,0.97,547.0,491.0,456.0,421.0,114.0,99.0,178.0,121.0,20.0,32.0,218.0,23.0,303.0,29.0,36.0,37.0,60.0,38.0,103.0,104.0,5.0,4.8,207.0,9.8,2.8200000000000003,1003.0
760482,2026-06-27,2026-06-27 23:30:00+00:00,group,DR Congo,Uzbekistan,3,1,4,2,H,DR Congo,0.4095,0.2865,0.3039,0.5231,H,0.4095,0.0,1.0,"Atlanta, Georgia",Mercedes-Benz Stadium,33.7554,-84.4008,America/New_York,19.5,evening(18-21),30.6,52.0,32.6,15.912,indoor_ac,0,16.979166666666668,3.0,3.8958333333333335,23.2,23.2,342.0,179.0,11.7,10.9,23.0,44.0,0.0,0.03333333333333333,,68239,6.0,3.0,0.0,57.6,19.0,400.0,485.0,16.0,2.0,0.0,42.4,3.0,269.0,355.0,9,51,1,59,2,840.0,22.0,5.0,55.0,3,2.11,0.16,495.0,419.0,378.0,283.0,106.0,80.0,131.0,90.0,41.0,16.0,191.0,31.0,342.0,62.0,54.0,54.0,93.0,74.0,115.1,115.8,5.5,5.6,230.89999999999998,11.1,2.27,873.0
760483,2026-06-28,2026-06-28 02:00:00+00:00,group,Jordan,Argentina,1,3,4,-2,A,Argentina,0.032,0.1327,0.8354,0.0457,A,0.8354,0.0,1.0,"Arlington, Texas",AT&T Stadium,32.7473,-97.0945,America/Chicago,21.0,night(>=21),32.1,53.0,33.7,17.013,indoor_ac,0,17.083333333333332,3.0,4.958333333333333,24.7,24.433333333333334,17.0,5.666666666666667,19.8,22.166666666666668,80.0,39.666666666666664,0.0,0.0,,70649,13.0,3.0,0.0,26.7,5.0,228.0,285.0,7.0,0.0,0.0,73.3,12.0,737.0,801.0,9,45,2,60,2,1086.0,20.0,3.0,52.5,4,0.96,2.52,300.0,239.0,824.0,762.0,66.0,130.0,61.0,144.0,30.0,25.0,471.0,48.0,184.0,39.0,37.0,42.0,44.0,48.0,110.6,105.9,4.9,4.7,216.5,9.600000000000001,3.48,1124.0
760484,2026-06-28,2026-06-28 02:00:00+00:00,group,Algeria,Austria,3,3,6,0,D,,0.3705,0.2886,0.3408,0.7595,H,0.3705,1.0,0.0,"Kansas City, Missouri",Arrowhead Stadium,39.0489,-94.4839,America/Chicago,21.0,night(>=21),26.2,82.0,30.1,21.484,open,1,17.083333333333332,3.0,4.958333333333333,23.8,23.633333333333336,22.0,7.333333333333333,10.6,12.733333333333334,17.0,8.333333333333334,0.0,0.0,,69045,3.0,0.0,0.0,65.0,12.0,706.0,754.0,7.0,1.0,0.0,35.0,10.0,346.0,396.0,8,71,0,45,3,1150.0,10.0,1.0,58.0,3,1.54,1.06,775.0,723.0,405.0,355.0,96.0,70.0,137.0,93.0,26.0,10.0,218.0,30.0,305.0,40.0,39.0,24.0,47.0,56.0,105.2,113.3,4.3,4.6,218.5,8.899999999999999,2.6,1180.0
760486,2026-06-28,2026-06-28 19:00:00+00:00,r32,South Africa,Canada,0,1,1,-1,A,Canada,0.347,0.0,0.653,0.2408,A,0.653,0.0,1.0,"Inglewood, California",SoFi Stadium,33.9535,-118.3392,America/Los_Angeles,12.0,midday(<15),23.1,48.0,23.0,11.088,roof_canopy,0,17.791666666666668,4.0,3.75,16.1,16.633333333333336,599.0,819.3333333333334,5.7,5.833333333333333,99.0,87.66666666666667,0.0,0.0,,69237,10.0,0.0,0.0,58.4,6.0,466.0,554.0,16.0,2.0,0.0,41.6,12.0,298.0,379.0,10,45,1,59,2,933.0,26.0,2.0,52.0,3,,,,,,,,,,,,,,,,,,,,,,,,,,,,
760487,2026-06-29,2026-06-29 17:00:00+00:00,r32,Brazil,Japan,2,1,3,1,H,Brazil,0.6062,0.0,0.3938,0.3102,H,0.6062,0.0,1.0,"Houston, Texas",NRG Stadium,29.6847,-95.4107,America/Chicago,12.0,midday(<15),33.4,57.0,38.9,19.038,indoor_ac,0,18.708333333333332,4.0,3.75,26.4,26.433333333333334,822.0,874.3333333333334,13.0,14.233333333333334,19.0,19.666666666666668,0.0,0.0,,68777,4.0,2.0,0.0,68.6,19.0,625.0,682.0,13.0,3.0,0.0,31.4,5.0,260.0,313.0,6,45,1,66,0,995.0,17.0,5.0,55.5,1,,,,,,,,,,,,,,,,,,,,,,,,,,,,
760489,2026-06-29,2026-06-29 20:30:00+00:00,r32,Germany,Paraguay,1,1,2,0,D,Paraguay,0.5471,0.0,0.4529,0.5986,H,0.5471,1.0,0.0,"Foxborough, Massachusetts",Gillette Stadium,42.0909,-71.2643,America/New_York,16.5,afternoon(15-18),27.3,48.0,28.4,13.104,open,1,18.854166666666668,4.0,3.7708333333333335,19.6,19.266666666666666,697.0,574.3333333333334,10.1,11.299999999999999,12.0,5.333333333333333,0.0,0.0,,63945,18.0,2.0,0.0,75.6,21.0,725.0,805.0,12.0,2.0,0.0,24.4,7.0,160.0,255.0,15,45,1,55,2,1060.0,30.0,4.0,50.0,3,,,,,,,,,,,,,,,,,,,,,,,,,,,,
760488,2026-06-30,2026-06-30 01:00:00+00:00,r32,Netherlands,Morocco,1,1,2,0,D,Morocco,0.4566,0.0,0.5434,0.417,A,0.5434,0.0,1.0,Guadalupe,Estadio BBVA (Monterrey),25.669,-100.244,America/Monterrey,19.0,evening(18-21),30.2,54.0,31.1,16.308,open,1,19.041666666666668,4.0,4.083333333333333,23.1,22.566666666666666,146.0,53.333333333333336,19.4,18.7,43.0,31.0,0.0,0.0,,51243,18.0,0.0,0.0,29.9,6.0,292.0,371.0,15.0,1.0,0.0,70.1,11.0,801.0,879.0,10,71,0,75,0,1250.0,33.0,1.0,73.0,0,,,,,,,,,,,,,,,,,,,,,,,,,,,,
760490,2026-06-30,2026-06-30 17:00:00+00:00,r32,Ivory Coast,Norway,1,2,3,-1,A,Norway,0.2859,0.0,0.7141,0.1635,A,0.7141,0.0,1.0,"Arlington, Texas",AT&T Stadium,32.7473,-97.0945,America/Chicago,12.0,midday(<15),33.0,47.0,36.4,15.51,indoor_ac,0,19.708333333333332,4.0,3.9166666666666665,24.3,24.2,852.0,913.3333333333334,14.7,14.933333333333332,6.0,9.0,0.0,0.0,,69665,6.0,0.0,0.0,47.0,14.0,339.0,401.0,7.0,1.0,0.0,53.0,9.0,415.0,474.0,6,60,2,71,0,875.0,13.0,1.0,65.5,2,,,,,,,,,,,,,,,,,,,,,,,,,,,,
760492,2026-06-30,2026-06-30 21:00:00+00:00,r32,France,Sweden,3,0,3,3,H,France,0.8648,0.0,0.1352,0.0366,H,0.8648,0.0,1.0,"East Rutherford, New Jersey",MetLife Stadium,40.8135,-74.0745,America/New_York,17.0,afternoon(15-18),32.6,41.0,33.3,13.366,open,1,19.875,4.0,4.083333333333333,22.6,22.333333333333332,544.0,402.6666666666667,13.1,13.266666666666666,98.0,59.666666666666664,0.0,0.0,,80663,14.0,0.0,0.0,61.0,25.0,484.0,551.0,10.0,0.0,0.0,39.0,8.0,278.0,350.0,4,75,0,66,0,901.0,24.0,0.0,70.5,0,,,,,,,,,,,,,,,,,,,,,,,,,,,,
760491,2026-07-01,2026-07-01 02:00:00+00:00,r32,Mexico,Ecuador,2,0,2,2,H,Mexico,,,,,,,,,Mexico City,Estadio Azteca,19.3029,-99.1505,America/Mexico_City,20.0,evening(18-21),15.1,90.0,15.7,13.59,open,1,20.083333333333332,4.0,5.25,14.0,14.1,1.0,0.3333333333333333,3.6,1.8666666666666665,99.0,99.0,1.2,0.43333333333333335,,80824,10.0,0.0,0.0,42.8,15.0,248.0,316.0,14.0,3.0,1.0,57.2,7.0,341.0,410.0,8,58,1,45,3,726.0,24.0,6.0,51.5,4,,,,,,,,,,,,,,,,,,,,,,,,,,,,
760495,2026-07-01,2026-07-01 16:00:00+00:00,r32,England,DR Congo,2,1,3,1,H,England,,,,,,,,,"Atlanta, Georgia",Mercedes-Benz Stadium,33.7554,-84.4008,America/New_York,12.0,midday(<15),32.5,53.0,37.5,17.225,indoor_ac,0,20.666666666666668,4.0,3.6875,24.9,24.733333333333334,711.0,745.3333333333334,4.5,5.133333333333333,61.0,66.66666666666667,0.4,0.4000000000000001,,68239,10.0,1.0,0.0,59.7,16.0,468.0,517.0,12.0,1.0,0.0,40.3,7.0,299.0,365.0,6,61,0,64,0,882.0,22.0,2.0,62.5,0,,,,,,,,,,,,,,,,,,,,,,,,,,,,
760493,2026-07-01,2026-07-01 20:00:00+00:00,r32,Belgium,Senegal,3,2,5,1,H,Belgium,,,,,,,,,"Seattle, Washington",Lumen Field,47.5952,-122.3316,America/Los_Angeles,13.0,midday(<15),18.1,52.0,16.5,9.412,open,1,20.833333333333332,4.0,4.708333333333333,11.9,12.200000000000001,374.0,420.6666666666667,8.9,7.766666666666667,97.0,95.0,0.0,0.0,,66925,22.0,1.0,0.0,52.2,19.0,602.0,699.0,12.0,1.0,0.0,47.8,19.0,536.0,639.0,9,45,3,66,0,1338.0,34.0,2.0,55.5,3,,,,,,,,,,,,,,,,,,,,,,,,,,,,
