match_no,team,coverage,jersey,player,dist_m,z1,z2,z3,z4,z5,hsr,sprints,top_speed
1,South Africa,1.0,1,RonwenWILLIAMS,5010.4,3978.6,903.5,110.9,17.4,,12.0,1.0,23.6
1,South Africa,1.0,4,TebohoMOKOENA,9860.8,3407.1,4302.3,1444.8,576.0,130.7,136.0,44.0,31.4
1,South Africa,1.0,6,AubreyMODIBA,8037.8,3061.5,3308.1,1162.3,459.6,46.2,98.0,39.0,27.8
1,South Africa,1.0,9,Lyle FOSTER,5968.5,2748.0,2225.6,643.4,263.1,88.4,66.0,16.0,31.2
1,South Africa,1.0,13,Sphephelo SITHOLE,5830.2,2127.2,2391.0,916.7,299.2,96.2,90.0,25.0,31.2
1,South Africa,1.0,14,MbekezeliMBOKAZI,8871.7,3834.8,3463.0,957.8,445.5,170.6,91.0,43.0,31.5
1,South Africa,1.0,15,lqraamRAYNERS,8151.6,3502.6,2814.2,1010.7,413.7,410.4,82.0,41.0,34.1
1,South Africa,1.0,19,NkosinathiSIBISI,9387.6,3780.7,3935.8,1141.2,389.6,140.3,101.0,38.0,29.9
1,South Africa,1.0,20,Khuliso MUDAU,9336.7,3664.0,3701.2,1125.4,538.6,307.4,100.0,48.0,33.3
1,South Africa,1.0,21,ImeOKON,9557.8,3716.3,3707.3,1411.8,588.3,134.1,119.0,52.0,31.6
1,South Africa,1.0,23,JaydenADAMS,6842.3,2717.9,2842.2,900.1,322.1,59.9,78.0,27.0,27.8
1,South Africa,1.0,5,ThalenteMBATHA,3973.8,1384.2,1565.8,635.7,331.5,56.5,59.0,24.0,34.4
1,South Africa,1.0,7,Oswin APPOLLIS,2145.3,667.0,898.8,358.2,183.1,38.3,37.0,16.0,29.9
1,South Africa,1.0,11,Themba ZWANE,2021.0,629.5,864.2,389.0,108.7,29.6,35.0,10.0,27.4
1,South Africa,1.0,17,EvidenceMAKGOPA,2064.9,837.4,793.2,224.2,144.8,65.2,17.0,11.0,32.4
2,South Korea,1.0,1,KIM Seunggyu,5527.3,3920.1,1372.3,170.6,49.0,15.3,16.0,5.0,26.9
2,South Korea,1.0,2,LEE Hanbeom,10260.7,3841.1,4522.5,1362.5,450.1,84.4,117.0,39.0,30.1
2,South Korea,1.0,3,LEE Gihyuk,10659.3,3552.1,4578.5,1783.8,624.7,120.2,158.0,51.0,29.2
2,South Korea,1.0,4,KIM Minjae,10124.4,3830.0,4407.7,1303.7,428.6,154.4,113.0,35.0,31.9
2,South Korea,1.0,6,HWANG Inbeom,9516.0,2970.3,4727.8,1319.4,405.7,92.8,111.0,36.0,28.5
2,South Korea,1.0,7,SON Heungmin,7029.0,2970.0,2600.4,605.8,486.1,366.6,58.0,38.0,35.2
2,South Korea,1.0,8,PAIK Seungho,9350.8,3288.3,4562.8,1263.7,216.9,19.0,115.0,20.0,29.3
2,South Korea,1.0,10,LEE Jaesung,7571.2,2523.8,3042.0,1270.6,534.4,200.4,110.0,44.0,29.2
2,South Korea,1.0,13,LEE Taeseok,7706.3,2565.8,3389.9,1122.4,458.1,170.1,90.0,35.0,31.9
2,South Korea,1.0,19,LEE Kangin,9529.9,3935.8,4107.1,1153.5,288.7,44.9,88.0,22.0,28.8
2,South Korea,1.0,22,SEOL Youngwoo,11283.9,4222.8,4452.2,1488.9,738.3,381.7,115.0,53.0,31.8
2,South Korea,1.0,11,HWANGHeechan,3482.9,1295.5,1476.8,450.5,167.6,92.5,45.0,13.0,29.9
2,South Korea,1.0,16,PARKJinseob,1652.4,570.8,708.3,251.1,117.3,4.8,22.0,7.0,25.7
2,South Korea,1.0,18,OH Hyeongyu,3040.6,1145.8,1288.6,350.8,188.9,66.5,31.0,15.0,29.1
2,South Korea,1.0,24,KIM Jingyu,1890.4,513.7,812.6,428.1,106.4,29.7,28.0,8.0,29.6
2,South Korea,1.0,25,EOMJisung,3180.4,1143.0,1216.0,508.6,178.4,134.3,40.0,13.0,30.6
2,Czech Republic,1.0,1,MatejKOVAR,5039.3,3765.0,1160.1,99.0,15.3,,12.0,1.0,22.3
2,Czech Republic,1.0,4,Robin HRANAC,9570.0,3919.4,3947.6,1120.3,475.3,107.3,107.0,41.0,29.3
2,Czech Republic,1.0,5,VladimirCOUFAL,11390.8,3854.4,4950.5,1740.5,635.7,209.7,145.0,48.0,30.6
2,Czech Republic,1.0,6,StepanCHALOUPEK,10873.7,4076.3,4497.6,1553.7,536.0,210.1,141.0,46.0,34.0
2,Czech Republic,1.0,7,Ladislav KREJCI,10877.7,3953.9,4861.5,1665.8,366.1,30.4,136.0,27.0,26.5
2,Czech Republic,1.0,10,PatrikSCHICK,8047.6,2319.8,4219.3,1066.3,377.3,64.8,90.0,28.0,28.9
2,Czech Republic,1.0,15,Pavel SULC,7868.4,2664.4,3320.1,1346.8,360.2,176.9,120.0,31.0,31.2
2,Czech Republic,1.0,17,Lukas PROVOD,7928.0,2419.7,3515.7,1282.9,517.2,192.6,109.0,45.0,33.3
2,Czech Republic,1.0,20,JaroslavZELENY,10847.7,4053.7,4705.6,1263.4,629.5,195.5,96.0,49.0,30.4
2,Czech Republic,1.0,22,Tomas SOUCEK,11828.0,3337.2,6080.7,1821.5,512.0,76.5,153.0,30.0,27.5
2,Czech Republic,1.0,24,AlexandrSOJKA,10700.6,3149.1,4759.4,1949.2,682.0,160.9,163.0,50.0,29.9
2,Czech Republic,1.0,9,AdamHLOZEK,3767.4,1305.4,1609.6,564.0,218.1,70.4,49.0,20.0,30.8
2,Czech Republic,1.0,13,Mojmir CHYTIL,1627.3,535.6,719.4,191.3,118.2,62.7,17.0,8.0,29.7
2,Czech Republic,1.0,18,MichalSADILEK,3922.7,1014.3,1688.5,771.3,364.4,84.2,71.0,30.0,29.3
2,Czech Republic,1.0,19,Tomas CHORY,3339.2,1351.1,1265.9,459.4,213.2,49.5,36.0,18.0,28.3
4,United States,1.0,24,MattFREESE,6296.2,4769.1,1418.9,100.3,7.9,,6.0,1.0,21.5
4,United States,1.0,2,Sergino DEST,8824.2,2814.7,3949.5,1266.6,580.7,212.8,115.0,53.0,32.3
4,United States,1.0,3,ChrisRICHARDS,10829.8,3742.2,5238.2,1571.8,235.9,41.7,125.0,21.0,30.6
4,United States,1.0,4,TylerADAMS,11205.0,3973.8,4855.2,1544.9,726.5,104.7,136.0,50.0,30.5
4,United States,1.0,5,AntoneeROBINSON,11927.5,3985.9,5100.5,1925.1,667.8,248.1,171.0,57.0,34.0
4,United States,1.0,8,WestonMcKENNIE,11832.5,4574.5,4547.8,1618.6,737.3,354.3,149.0,63.0,31.7
4,United States,1.0,10,Christian PULISIC,5906.9,2081.0,2497.6,873.0,351.2,104.1,73.0,28.0,31.6
4,United States,1.0,13,Tim REAM,9655.3,4504.7,3547.4,1165.3,347.6,90.3,100.0,30.0,30.5
4,United States,1.0,16,AlexFREEMAN,11002.8,3880.1,5049.8,1623.5,393.4,55.9,133.0,37.0,29.0
4,United States,1.0,17,Malik TILLMAN,9570.4,3300.7,4032.4,1480.0,536.7,220.7,134.0,47.0,30.5
4,United States,1.0,20,FolarinBALOGUN,7742.4,3042.2,3154.8,848.7,520.4,176.3,75.0,43.0,30.8
4,United States,1.0,7,GiovanniREYNA,2184.2,535.7,1138.9,414.2,89.4,5.9,35.0,7.0,25.5
4,United States,1.0,9,RicardoPEPI,3341.0,935.5,1422.7,579.4,239.9,163.5,45.0,21.0,30.8
4,United States,1.0,14,SebastianBERHALTER,6313.5,2037.4,2643.5,1164.5,402.8,65.2,92.0,28.0,31.0
4,United States,1.0,21,Timothy WEAH,3275.1,970.6,1269.7,640.2,352.6,42.0,51.0,25.0,28.4
4,Paraguay,0.918,12,Orlando GILL,5901.1,4727.7,1090.6,78.9,4.0,,,,21.9
4,Paraguay,0.918,3,OmarALDERETE,9194.7,4513.7,3380.0,821.1,355.3,124.5,64.0,31.0,30.3
4,Paraguay,0.918,4,JuanJoseCACERES,8402.3,3414.8,3200.7,1065.6,543.5,177.6,92.0,40.0,32.0
4,Paraguay,0.918,6,Junior ALONSO,10277.2,4435.6,3836.0,1366.1,490.3,149.2,128.0,41.0,29.5
4,Paraguay,0.918,8,Diego GOMEZ,9385.5,3535.8,3479.1,1557.5,621.5,191.6,132.0,48.0,31.6
4,Paraguay,0.918,10,MigueIALMIRON,9249.6,3185.3,4303.8,1357.1,358.6,44.8,101.0,32.0,29.3
4,Paraguay,0.918,14,Andres CUBAS,11791.5,3565.4,5498.3,1869.2,719.9,138.8,174.0,48.0,30.1
4,Paraguay,0.918,15,GustavoGOMEZ,9552.7,4670.6,3591.2,676.1,420.2,194.6,63.0,34.0,30.7
4,Paraguay,0.918,16,DamianBOBADILLA,6042.0,2053.1,2582.2,959.4,301.7,145.5,80.0,22.0,30.2
4,Paraguay,0.918,19,Julio ENCISO,10676.1,3541.3,4929.1,1416.3,574.9,214.5,128.0,42.0,33.3
4,Paraguay,0.918,2,GustavoVELAZQUEZ,2009.8,718.7,925.9,207.7,112.6,45.0,19.0,9.0,31.3
4,Paraguay,0.918,11,MAURICIO,5908.7,1990.1,2216.6,1214.9,438.0,49.0,95.0,32.0,27.6
4,Paraguay,0.918,17,AlejandroROMEROGAMARRA,2181.0,559.2,1059.4,407.8,154.7,,35.0,11.0,23.5
4,Paraguay,0.918,18,AlexARCE,4355.1,1318.8,1644.4,850.3,412.9,128.9,67.0,27.0,30.1
5,Haiti,1.0,1,Johny PLACIDE,4114.7,3302.1,747.1,48.2,17.3,,5.0,1.0,23.4
5,Haiti,1.0,2,Carlens ARCUS,10859.5,3954.7,4470.6,1641.9,671.7,120.6,153.0,44.0,28.8
5,Haiti,1.0,4,RicardoADE,9710.9,4008.9,3912.3,1380.8,357.3,51.6,113.0,29.0,28.5
5,Haiti,1.0,5,HannesDELCROIX,10218.2,3890.3,4629.2,1246.1,344.6,108.1,110.0,28.0,31.2
5,Haiti,1.0,8,MartinEXPERIENCE,11711.2,3590.0,5212.9,1945.4,782.7,180.1,155.0,60.0,30.2
5,Haiti,1.0,10,Jean-RicnerBELLEGARDE,11719.9,3735.0,5454.3,2018.4,419.5,92.8,160.0,41.0,34.2
5,Haiti,1.0,11,LouiciusDEEDSON,7334.9,2664.7,2972.0,1034.4,557.8,106.1,83.0,38.0,30.8
5,Haiti,1.0,15,RubenPROVIDENCE,8839.5,3434.9,3461.3,1235.7,478.5,229.1,110.0,41.0,34.0
5,Haiti,1.0,17,DanleyJEANJACQUES,12130.5,3729.6,5325.2,2216.4,695.3,164.1,178.0,50.0,33.3
5,Haiti,1.0,18,WilsonISIDOR,8628.5,3427.4,3224.4,1190.3,575.6,210.7,100.0,39.0,32.6
5,Haiti,1.0,20,FrantzdyPIERROT,11021.6,3736.9,5203.7,1346.2,507.4,227.3,128.0,41.0,30.5
5,Haiti,1.0,16,Lenny JOSEPH,2338.2,886.7,978.5,268.3,165.0,39.7,26.0,12.0,29.0
5,Haiti,1.0,19,YassinFORTUNE,1501.2,501.2,602.8,302.8,59.7,34.8,24.0,5.0,28.2
5,Haiti,1.0,21,Josue CASIMIR,3609.2,1608.7,1237.3,361.7,274.3,127.2,26.0,23.0,33.5
6,Turkey,1.0,23,Ugurcan CAKIR,4625.1,3422.5,992.2,161.9,31.2,17.3,13.0,3.0,28.0
6,Turkey,1.0,2,Zeki CELIK,9541.5,3456.2,3863.1,1348.4,577.8,296.0,118.0,47.0,34.7
6,Turkey,1.0,3,MerihDEMIRAL,9972.4,4621.9,4041.4,771.4,331.3,206.5,67.0,27.0,33.8
6,Turkey,1.0,6,Orkun KOKCU,7613.1,2549.3,3672.1,960.1,353.7,77.8,79.0,30.0,29.2
6,Turkey,1.0,7,KeremAKTURKOGLU,9564.0,3995.3,3656.1,1040.0,604.1,268.4,97.0,53.0,31.4
6,Turkey,1.0,8,ArdaGULER,10811.0,4047.5,4778.2,1402.1,478.2,105.0,128.0,39.0,28.7
6,Turkey,1.0,10,Hakan CALHANOGLU,11710.0,3568.9,5777.8,1893.2,388.0,82.1,147.0,35.0,29.2
6,Turkey,1.0,14,AbdulkerimBARDAKCI,9876.3,4545.1,3885.9,915.5,409.2,120.6,78.0,34.0,28.4
6,Turkey,1.0,16,Ismail YUKSEK,8788.0,3750.2,3785.6,875.2,249.5,127.6,79.0,19.0,32.3
6,Turkey,1.0,20,FerdiKADIOGLU,10570.2,4175.0,4141.8,1394.5,692.2,166.7,118.0,57.0,32.1
6,Turkey,1.0,21,BarisAlperYILMAZ,5586.6,1917.4,2484.5,673.1,297.5,214.1,57.0,24.0,34.3
6,Turkey,1.0,5,SalihOZCAN,1979.9,587.8,855.9,347.4,173.4,15.5,26.0,12.0,28.3
6,Turkey,1.0,9,Deniz GUL,1322.1,496.3,633.7,120.6,64.8,6.7,9.0,6.0,25.8
6,Turkey,1.0,11,Kenan YILDIZ,5024.7,2315.9,2016.4,551.5,115.0,25.7,37.0,13.0,28.1
6,Turkey,1.0,18,Mert MULDUR,2113.0,647.0,903.8,297.2,122.3,142.7,22.0,9.0,31.2
6,Turkey,1.0,19,Yunus AKGUN,3353.0,1427.1,1315.6,337.8,205.7,66.7,26.0,22.0,31.7
10,Curaçao,1.0,1,Eloy ROOM,5089.7,4356.2,647.6,81.6,4.2,,7.0,,22.0
10,Curaçao,1.0,5,ShereIFLORANUS,10463.9,3532.4,4523.6,1497.9,631.5,278.5,119.0,50.0,33.3
10,Curaçao,1.0,7,JuninhoBACUNA,10064.9,4091.4,3907.7,1331.7,553.3,180.8,109.0,49.0,30.7
10,Curaçao,1.0,8,Livano COMENENCIA,10853.1,4044.7,4575.1,1464.5,578.7,190.0,124.0,47.0,32.0
10,Curaçao,1.0,9,JuergenLOCADIA,6563.1,2595.5,2780.7,754.6,306.7,125.5,72.0,28.0,32.6
10,Curaçao,1.0,10,LeandroBACUNA,9305.0,3789.1,4149.8,913.3,338.5,114.2,82.0,26.0,31.8
10,Curaçao,1.0,12,Sontje HANSEN,4910.8,1974.0,1828.5,613.8,358.0,136.4,59.0,26.0,33.1
10,Curaçao,1.0,18,ArmandoOBISPO,8686.7,4271.7,3403.8,678.9,230.7,101.6,55.0,17.0,33.2
10,Curaçao,1.0,21,Tahith CHONG,8768.7,4066.5,3060.4,954.4,511.9,175.6,82.0,31.0,30.0
10,Curaçao,1.0,23,RiechedlyBAZOER,8506.8,4265.0,3211.0,724.9,220.6,85.3,60.0,15.0,27.8
10,Curaçao,1.0,24,Deveron FONVILLE,9725.0,3891.7,3769.5,1092.3,623.4,348.2,86.0,57.0,32.1
10,Curaçao,1.0,11,JeremyANTONISSE,6143.9,1691.7,2806.8,1077.1,375.9,192.4,89.0,30.0,31.3
10,Curaçao,1.0,16,JearI MARGARITHA,3212.1,1083.1,1474.9,402.4,172.0,79.6,35.0,19.0,30.7
10,Curaçao,1.0,19,GervaneKASTANEER,1192.8,518.6,463.8,114.0,79.4,16.9,11.0,5.0,26.8
13,Saudi Arabia,1.0,21,MOHAMMEDALOWAIS,3810.5,3326.2,478.6,5.7,,,1.0,,18.5
13,Saudi Arabia,1.0,4,ABDULELAHALAMRI,8961.7,4576.4,3319.4,780.5,233.4,52.1,67.0,19.0,28.8
13,Saudi Arabia,1.0,5,HASSANALTAMBAKTI,9771.0,3982.0,4511.8,980.0,206.0,91.2,92.0,18.0,30.8
13,Saudi Arabia,1.0,7,MUSABALJUWAYR,8096.6,2639.8,3737.9,1271.4,381.8,65.7,119.0,25.0,26.5
13,Saudi Arabia,1.0,9,FERASALBRIKAN,10197.0,3876.1,4743.0,1144.8,374.7,58.4,104.0,31.0,28.6
13,Saudi Arabia,1.0,10,SALEMALDAWSARI,10726.7,4353.0,3947.2,1555.2,658.3,213.0,140.0,54.0,32.9
13,Saudi Arabia,1.0,12,SAUDABDULHAMID,9020.5,3852.7,3623.8,894.2,438.5,211.2,82.0,40.0,31.6
13,Saudi Arabia,1.0,15,ABDULLAHALKHAIBARI,11274.6,3512.1,5834.0,1541.6,354.5,32.3,144.0,30.0,27.8
13,Saudi Arabia,1.0,23,MOHAMEDKANNO,9830.7,4569.5,3768.5,1133.5,252.2,107.0,103.0,21.0,31.8
13,Saudi Arabia,1.0,24,MOTEBALHARBI,10120.5,3980.1,4168.1,1199.4,518.3,254.7,108.0,41.0,33.8
13,Saudi Arabia,1.0,26,MOHAMMEDABUALSHAMAT,9476.2,3411.9,4161.9,1201.8,539.9,160.6,103.0,46.0,31.2
13,Saudi Arabia,1.0,3,ALILAJAMI,609.7,236.5,253.6,60.5,56.1,3.0,6.0,4.0,25.8
13,Saudi Arabia,1.0,6,NASSERALDAWSARI,3903.1,1231.4,1651.8,737.8,231.7,50.4,62.0,21.0,30.2
13,Saudi Arabia,1.0,13,NAWAFBUWASHL,2030.3,636.9,896.3,282.4,166.4,48.4,23.0,17.0,30.0
13,Saudi Arabia,1.0,18,ALAALHAJJI,796.2,190.5,353.5,161.1,80.5,10.6,15.0,5.0,25.6
13,Saudi Arabia,1.0,19,ABDULLAHALHAMDDAN,912.0,189.2,309.9,171.9,168.9,72.1,14.0,12.0,29.7
13,Uruguay,1.0,23,FernandoMUSLERA,4347.5,3563.5,660.6,84.9,21.8,16.8,10.0,3.0,29.7
13,Uruguay,1.0,3,Sebastian CACERES,10017.5,4426.5,3976.6,1120.6,341.0,152.9,88.0,28.0,32.4
13,Uruguay,1.0,5,ManuelUGARTE,8237.5,3010.4,3855.0,972.5,307.4,92.1,96.0,24.0,31.8
13,Uruguay,1.0,6,RodrigoBENTANCUR,11131.6,4926.1,4501.2,1158.8,436.8,108.6,107.0,32.0,30.4
13,Uruguay,1.0,8,FedericoVALVERDE,9404.5,4090.9,3936.8,874.0,372.4,130.4,75.0,36.0,33.3
13,Uruguay,1.0,9,DarwinNUNEZ,5130.9,2144.7,2040.1,560.8,257.6,127.7,46.0,21.0,34.6
13,Uruguay,1.0,13,GuillermoVARELA,11001.3,4255.8,4290.2,1429.0,741.2,285.1,123.0,59.0,33.3
13,Uruguay,1.0,16,MathiasOLIVERA,11757.1,4177.7,4964.9,2002.6,524.7,87.2,166.0,34.0,28.2
13,Uruguay,1.0,17,MatiasVINA,5227.5,1902.4,2077.2,844.8,329.1,74.0,71.0,30.0,30.5
13,Uruguay,1.0,20,MaxiARAUJO,8348.9,3463.9,3384.7,1004.9,338.7,156.6,89.0,28.0,32.4
13,Uruguay,1.0,21,Federico VINAS,9066.4,4389.0,3040.9,1063.4,369.4,203.7,93.0,39.0,31.0
13,Uruguay,1.0,7,NicolasDELACRUZ,3035.6,1019.3,1264.2,499.2,230.7,22.2,44.0,16.0,27.7
13,Uruguay,1.0,14,Agustin CANOBBIO,5678.0,1789.4,2630.1,847.3,353.4,57.7,75.0,26.0,27.8
13,Uruguay,1.0,18,BrianRODRIGUEZ,1857.4,738.9,686.5,294.8,92.8,44.3,27.0,8.0,31.8
13,Uruguay,1.0,19,Rodrigo AGUIRRE,898.7,333.8,285.4,167.5,81.7,30.3,12.0,4.0,30.6
13,Uruguay,1.0,25,JuanManuelSANABRIA,5774.7,2238.7,2111.2,805.9,386.8,232.1,60.0,28.0,32.6
14,Cape Verde,1.0,1,VOZINHA,4821.0,3814.1,863.8,125.3,16.3,1.4,16.0,1.0,25.1
14,Cape Verde,1.0,3,DINEYBORGES,10203.2,4052.0,4767.3,1058.1,199.9,126.0,95.0,21.0,30.1
14,Cape Verde,1.0,4,PICOLOPES,9707.8,3881.4,4754.2,818.2,203.4,50.5,83.0,17.0,32.5
14,Cape Verde,1.0,6,KEVIN PINA,10639.8,3466.9,5579.0,1154.7,331.4,107.9,91.0,24.0,28.4
14,Cape Verde,1.0,7,JOVANECABRAL,6563.2,2773.9,2347.2,953.4,398.8,90.0,95.0,31.0,28.9
14,Cape Verde,1.0,10,JAMIROMONTEIRO,9088.3,3292.4,4444.7,986.0,320.5,44.8,90.0,27.0,27.8
14,Cape Verde,1.0,13,SIDNYLOPESCABRAL,8236.0,3022.3,3801.2,857.3,370.1,185.0,72.0,32.0,32.2
14,Cape Verde,1.0,15,LAROSDUARTE,7536.6,2253.1,4187.1,849.9,243.8,2.7,78.0,19.0,25.6
14,Cape Verde,1.0,19,DAILONLIVRAMENTO,8264.9,2478.4,4250.5,988.3,330.9,216.8,83.0,34.0,33.6
14,Cape Verde,1.0,20,RYAN MENDES,11053.2,3973.4,4753.7,1446.6,603.5,276.0,125.0,44.0,32.4
14,Cape Verde,1.0,22,STEVENMOREIRA,10518.3,3892.5,5054.2,1122.9,344.8,103.9,101.0,31.0,31.7
14,Cape Verde,1.0,8,JOAOPAULO,2192.2,811.3,945.5,248.0,156.6,30.8,18.0,10.0,28.9
14,Cape Verde,1.0,14,DEROYDUARTE,3899.6,1245.5,1907.8,515.7,148.5,82.1,43.0,12.0,30.3
14,Cape Verde,1.0,17,WILLYSEMEDO,4115.5,1308.4,1941.1,477.5,271.0,117.6,39.0,18.0,29.0
14,Cape Verde,1.0,18,TELMOARCANJO,1903.5,573.2,799.7,265.2,165.4,100.0,26.0,11.0,31.7
14,Cape Verde,1.0,21,NUNODACOSTA,3629.5,1286.6,1791.4,365.2,142.8,43.5,29.0,10.0,28.8
15,New Zealand,1.0,1,MaxCROCOMBE,4236.9,3342.9,786.3,90.8,16.9,,7.0,2.0,24.0
15,New Zealand,1.0,2,Tim PAYNE,8310.2,3296.6,3125.1,1017.3,578.2,292.9,90.0,42.0,30.5
15,New Zealand,1.0,5,MichaelBOXALL,9279.4,3876.6,3881.0,1001.1,375.8,144.9,77.0,28.0,29.9
15,New Zealand,1.0,6,Joe BELL,11525.2,3781.4,5129.3,1846.9,628.5,139.2,155.0,41.0,28.7
15,New Zealand,1.0,8,MarkoSTAMENIC,10496.0,3890.5,4381.9,1320.9,633.9,268.8,115.0,42.0,32.3
15,New Zealand,1.0,9,Chris WOOD,10232.8,4353.0,4030.3,1236.9,532.6,80.0,110.0,41.0,30.6
15,New Zealand,1.0,10,Sarpreet SINGH,11363.8,3549.2,5398.8,1553.9,692.6,169.4,140.0,51.0,30.6
15,New Zealand,1.0,11,Elijah JUST,11395.7,3790.6,4523.8,1850.0,873.7,357.7,161.0,70.0,31.4
15,New Zealand,1.0,13,LiberatoCACACE,8371.4,2712.8,3563.3,1356.3,597.7,141.3,113.0,39.0,28.5
15,New Zealand,1.0,16,Finn SURMAN,9967.6,3895.7,4519.1,972.0,402.4,178.4,86.0,29.0,31.7
15,New Zealand,1.0,20,CallumMcCOWATT,8513.4,3035.9,3308.9,1342.5,612.4,213.7,131.0,42.0,31.1
15,New Zealand,1.0,4,Tyler BINDON,501.7,133.8,184.5,92.8,85.7,5.0,9.0,5.0,25.7
15,New Zealand,1.0,19,Ben OLD,2817.9,1220.9,934.1,377.9,156.9,128.0,32.0,15.0,32.4
15,New Zealand,1.0,21,Jesse RANDALL,664.5,130.4,244.4,163.2,82.7,43.8,14.0,6.0,31.7
15,New Zealand,1.0,23,Ryan THOMAS,3350.4,1138.7,1353.8,610.4,198.5,48.9,51.0,14.0,28.3
15,New Zealand,1.0,24,Callan ELLIOT,1875.7,745.4,818.0,176.6,86.3,49.5,19.0,8.0,30.9
16,Belgium,1.0,1,ThibautCOURTOIS,4379.7,3532.5,682.5,126.5,32.0,6.1,11.0,3.0,26.6
16,Belgium,1.0,4,Brandon MECHELE,10631.4,3595.5,4683.1,1499.0,649.4,204.3,121.0,46.0,30.8
16,Belgium,1.0,7,KevinDEBRUYNE,10138.8,3536.6,4075.0,1755.0,618.5,153.6,133.0,48.0,31.0
16,Belgium,1.0,8,YouriTIELEMANS,11638.1,3177.0,5530.3,1963.3,777.9,189.6,166.0,59.0,29.6
16,Belgium,1.0,10,LeandroTROSSARD,11122.8,3719.0,5064.5,1502.3,670.8,166.2,130.0,46.0,32.2
16,Belgium,1.0,11,JeremyDOKU,8565.2,3865.7,3016.1,1154.3,360.7,168.4,96.0,33.0,32.0
16,Belgium,1.0,15,ThomasMEUNIER,12278.4,3763.7,5405.8,1873.1,760.3,475.5,163.0,64.0,33.0
16,Belgium,1.0,17,CharlesDEKETELAERE,7497.8,2830.2,3076.8,966.5,381.6,242.8,78.0,34.0,33.5
16,Belgium,1.0,21,Timothy CASTAGNE,7326.6,2325.7,3271.9,1066.9,593.5,68.6,88.0,39.0,28.6
16,Belgium,1.0,24,Amadou ONANA,6466.5,2223.2,2959.2,919.6,280.7,83.8,69.0,20.0,32.1
16,Belgium,1.0,25,Nathan NGOY,9718.9,4112.3,4033.6,929.3,401.4,242.4,87.0,34.0,34.5
16,Belgium,1.0,5,MaximDECUYPER,4235.4,1342.5,1853.5,603.4,255.7,180.3,49.0,19.0,32.9
16,Belgium,1.0,9,Romelu LUKAKU,2565.9,1082.3,1013.5,293.9,111.6,64.7,26.0,8.0,30.0
16,Belgium,1.0,20,Hans VANAKEN,1214.0,376.1,516.9,263.4,50.1,7.5,21.0,4.0,25.7
16,Belgium,1.0,23,NicolasRASKIN,4253.9,1419.7,1930.9,503.3,230.4,169.6,34.0,16.0,31.9
16,Belgium,1.0,26,MatiasFERNANDEZ-PARDO,1307.3,351.6,464.6,291.4,136.7,63.0,20.0,12.0,32.0
18,Iraq,1.0,12,JALAL HASSAN,4901.1,3964.7,858.0,55.6,22.8,,5.0,2.0,24.2
18,Iraq,1.0,3,HUSSEIN ALI,8064.6,3014.2,3349.9,1096.7,434.7,169.1,84.0,35.0,31.7
18,Iraq,1.0,4,ZAIDTAHSEEN,10005.6,3846.1,4404.6,1328.7,242.7,183.5,113.0,27.0,31.9
18,Iraq,1.0,5,AKAM HASHIM,9235.9,3785.5,3715.3,1262.0,315.1,157.9,103.0,28.0,31.4
18,Iraq,1.0,8,IBRAHIMBAYESH,8506.0,3408.8,3240.0,1213.5,416.9,226.8,101.0,38.0,31.9
18,Iraq,1.0,9,ALIALHAMADI,7158.0,2401.5,3056.7,1047.1,537.9,114.8,94.0,49.0,33.5
18,Iraq,1.0,16,AMIRALAMMARI,11207.3,3928.3,4869.7,1729.6,516.0,163.7,149.0,38.0,30.2
18,Iraq,1.0,17,ALIJASIM,8363.3,2372.4,3562.4,1699.7,644.2,84.5,140.0,52.0,28.9
18,Iraq,1.0,18,AYMENHUSSEIN,9971.5,4505.1,3631.5,1184.8,452.2,198.0,108.0,40.0,29.7
18,Iraq,1.0,23,MERCHASDOSKI,10501.1,3656.7,4891.0,1245.3,480.8,227.3,110.0,37.0,30.9
18,Iraq,1.0,24,ZAIDISMAEL,7912.6,2217.8,3502.2,1670.5,370.4,151.8,126.0,29.0,28.6
18,Iraq,1.0,10,MOHANADALI,2368.0,775.2,979.7,368.1,198.6,46.3,36.0,16.0,28.9
18,Iraq,1.0,11,AHMEDQASEM,2789.0,996.1,1036.3,418.7,265.8,72.1,36.0,21.0,28.0
18,Iraq,1.0,14,ZIDANE IQBAL,4290.7,1289.4,1865.7,855.4,237.0,43.2,69.0,15.0,28.2
18,Iraq,1.0,21,MARKOFARJI,3978.9,1559.1,1531.3,589.0,226.6,73.0,58.0,18.0,31.9
18,Iraq,1.0,25,MUSTAFASAADOON,2482.8,1059.9,863.5,289.0,190.1,80.4,26.0,15.0,31.6
18,Norway,1.0,1,Orjan NYLAND,6255.3,4789.2,1326.6,139.5,,,16.0,,19.8
18,Norway,1.0,3,Kristoffer AJER,10260.5,4615.8,3978.7,1275.8,273.8,116.4,93.0,25.0,31.8
18,Norway,1.0,5,DavidMOLLERWOLFE,7988.3,2598.5,3726.3,999.6,385.2,278.6,88.0,38.0,33.4
18,Norway,1.0,7,AlexanderSORLOTH,8414.2,2797.3,3636.5,1313.7,386.9,279.7,110.0,32.0,32.7
18,Norway,1.0,8,SanderBERGE,11782.8,3872.0,5381.2,1990.3,445.4,93.9,160.0,38.0,28.4
18,Norway,1.0,9,Erling HAALAND,9597.3,4651.4,3141.4,829.9,536.5,438.1,68.0,43.0,36.5
18,Norway,1.0,10,MartinODEGAARD,10247.5,3367.0,4078.6,1836.4,720.2,245.2,161.0,56.0,30.0
18,Norway,1.0,14,FredrikAURSNES,9349.4,2736.9,3824.0,2031.2,605.2,152.2,159.0,45.0,30.4
18,Norway,1.0,17,TorbjornHEGGEM,10846.3,3910.3,5253.2,1222.0,370.1,90.8,101.0,33.0,31.0
18,Norway,1.0,20,AntonioNUSA,7518.8,2929.7,2941.0,998.6,448.9,200.5,86.0,39.0,31.6
18,Norway,1.0,26,Julian RYERSON,10712.4,4104.4,4546.0,1472.7,480.3,109.1,120.0,37.0,30.2
18,Norway,1.0,4,LeoOSTIGARD,2654.4,1074.0,1186.3,282.9,98.6,12.5,26.0,7.0,26.8
18,Norway,1.0,6,PatrickBERG,2095.4,684.5,955.9,349.0,88.9,17.0,35.0,8.0,26.4
18,Norway,1.0,18,KristianTHORSTVEDT,3184.7,1051.1,1336.3,559.7,217.0,20.5,45.0,15.0,26.5
18,Norway,1.0,21,AndreasSCHJELDERUP,2660.2,1024.3,1097.7,306.6,142.9,88.7,26.0,11.0,32.8
18,Norway,1.0,22,OscarBOBB,2689.6,1076.1,1072.7,355.8,139.2,45.8,29.0,14.0,33.4
20,Austria,1.0,1,AlexanderSCHLAGER,6279.0,4207.1,1665.2,298.3,71.2,37.3,24.0,8.0,30.1
20,Austria,1.0,4,XaverSCHLAGER,7334.9,2290.2,3396.8,1195.4,412.7,39.9,101.0,29.0,27.0
20,Austria,1.0,5,StefanPOSCH,11970.4,3782.7,5002.7,1983.6,752.9,448.5,174.0,60.0,32.4
20,Austria,1.0,6,NicolasSEIWALD,11721.4,3728.9,5470.2,1772.9,508.3,241.2,160.0,38.0,32.7
20,Austria,1.0,8,David ALABA,6544.3,2325.5,3045.2,781.8,309.0,82.8,67.0,21.0,31.2
20,Austria,1.0,9,Marcel SABITZER,10942.3,4038.7,4055.3,1715.3,841.1,291.9,139.0,69.0,33.6
20,Austria,1.0,14,Sasa KALAJDZIC,5537.9,1855.7,2326.7,932.0,369.3,54.1,76.0,30.0,29.5
20,Austria,1.0,15,Philipp LIENHART,10672.5,3842.0,5001.8,1267.0,434.8,126.9,125.0,33.0,32.1
20,Austria,1.0,16,Phillip MWENE,7498.4,2131.4,3448.3,1120.2,442.3,356.1,96.0,41.0,30.8
20,Austria,1.0,18,Romano SCHMID,9454.9,3011.0,3952.2,1660.6,628.8,202.1,142.0,45.0,32.5
20,Austria,1.0,20,Konrad LAIMER,11947.6,3742.5,5489.6,1490.4,804.5,420.6,134.0,67.0,34.1
20,Austria,1.0,3,Kevin DANSO,4025.2,1602.6,1721.1,489.0,166.1,46.3,44.0,14.0,29.7
20,Austria,1.0,7,MarkoARNAUTOVIC,5137.4,2456.4,1876.2,569.0,209.4,26.5,53.0,19.0,28.8
20,Austria,1.0,17,CarneyCHUKWUEMEKA,4502.7,1571.6,1836.4,706.2,264.8,123.6,63.0,19.0,29.4
20,Austria,1.0,21,PatrickWIMMER,2223.6,696.6,829.0,392.1,193.4,112.5,31.0,14.0,30.3
20,Austria,1.0,24,Paul WANNER,4577.1,1507.8,2047.4,741.1,256.2,24.5,67.0,19.0,27.9
20,Jordan,1.0,1,YAZEEDABULAILA,4736.5,4013.8,694.1,28.6,,,4.0,,19.8
20,Jordan,1.0,3,ABDALLAHNASIB,8156.8,3157.2,3353.6,1097.8,465.4,82.7,95.0,33.0,29.2
20,Jordan,1.0,5,YAZANALARAB,9954.9,3970.6,4407.2,1113.2,369.7,94.2,103.0,27.0,32.4
20,Jordan,1.0,8,NOORALRAWABDEH,13030.4,3462.1,5962.6,2663.4,776.4,166.0,228.0,55.0,30.6
20,Jordan,1.0,9,ALIOLWAN,12149.4,4192.8,5280.4,1713.2,666.6,296.3,147.0,53.0,32.7
20,Jordan,1.0,10,MOUSAALTAMARI,8690.5,3618.1,3226.5,944.5,525.3,376.1,89.0,47.0,34.0
20,Jordan,1.0,11,ODEHFAKHOURY,10442.1,3303.5,4412.7,1642.1,778.7,305.0,158.0,60.0,34.5
20,Jordan,1.0,16,MOHAMMADABUALNADI,8416.0,2401.1,4107.4,1246.2,385.0,276.3,115.0,31.0,31.2
20,Jordan,1.0,20,MOHANNADABUTAHA,11617.9,4009.0,4609.2,1813.9,974.5,211.3,174.0,70.0,31.2
20,Jordan,1.0,21,NIZARALRASHDAN,11703.6,3586.3,5480.2,1905.5,598.1,133.6,167.0,48.0,29.6
20,Jordan,1.0,23,EHSAN HADDAD,9086.5,3382.0,3547.8,1382.0,579.2,195.5,115.0,48.0,29.9
20,Jordan,1.0,13,MAHMOUDALMARDI,2632.6,782.4,1169.3,542.6,107.5,30.9,45.0,8.0,27.5
20,Jordan,1.0,17,SALEEMOBAID,2818.7,921.6,1422.3,322.1,141.3,11.3,25.0,10.0,26.7
20,Jordan,1.0,19,SAEDALROSAN,2425.1,733.8,1163.8,371.7,132.1,23.7,36.0,12.0,31.0
20,Jordan,1.0,24,ALIAZAIZEH,1740.7,513.7,777.9,302.3,94.7,52.2,23.0,8.0,30.0
20,Jordan,1.0,25,MOHAMMADALDAOUD,1620.2,479.3,674.9,356.9,100.6,8.5,28.0,7.0,25.9
21,Panama,1.0,22,OrlandoMOSQUERA,5250.4,4169.8,949.1,112.0,19.6,,11.0,2.0,24.8
21,Panama,1.0,2,CesarBLACKMAN,9490.6,3528.6,4376.3,1034.4,397.9,153.5,94.0,30.0,32.0
21,Panama,1.0,3,JoseCORDOBA,10472.1,3672.3,5080.6,1053.6,383.0,282.7,86.0,31.0,33.8
21,Panama,1.0,6,CristianMARTINEZ,8004.5,2562.7,3641.1,1154.1,508.8,137.8,100.0,44.0,29.8
21,Panama,1.0,7,JoseLuisRODRIGUEZ,8292.3,3351.8,3170.9,1120.5,444.1,205.1,92.0,36.0,31.6
21,Panama,1.0,11,EdgarYoelBARCENAS,12157.6,3562.0,5829.1,2108.2,638.1,20.2,166.0,40.0,27.3
21,Panama,1.0,13,Jiovany RAMOS,10374.2,4187.5,4191.9,1307.0,538.8,149.0,115.0,39.0,31.7
21,Panama,1.0,14,CarlosHARVEY,12190.8,3582.4,6133.7,1883.8,485.3,105.6,165.0,38.0,29.9
21,Panama,1.0,16,Andres ANDRADE,10233.3,3883.2,4524.2,1217.5,400.1,208.3,106.0,36.0,31.0
21,Panama,1.0,18,CecilioWATERMAN,7127.8,2758.0,3106.4,817.8,313.0,132.6,67.0,25.0,30.0
21,Panama,1.0,23,AmirMURILLO,11247.0,4223.1,4495.2,1541.2,771.4,216.1,135.0,56.0,32.6
21,Panama,1.0,10,Ismael DIAZ,2983.3,1052.2,1133.1,519.8,187.5,90.8,35.0,19.0,29.5
21,Panama,1.0,17,JoseFAJARDO,4127.6,1249.8,1802.9,605.9,317.7,151.3,44.0,24.0,30.4
21,Panama,1.0,20,AnibalGODOY,1239.0,451.1,406.0,305.8,61.3,14.8,18.0,4.0,27.2
21,Panama,1.0,24,AzariasLONDONO,4084.9,1330.1,1864.6,552.6,229.0,108.7,49.0,20.0,30.8
22,England,1.0,1,JordanPICKFORD,6162.9,4179.8,1707.2,181.4,86.5,7.9,18.0,7.0,26.4
22,England,1.0,2,Ezri KONSA,10244.1,4275.4,4175.7,1382.3,375.2,35.4,119.0,34.0,27.6
22,England,1.0,3,NicoOREILLY,10885.2,4078.5,4589.2,1393.7,578.2,245.7,117.0,43.0,33.1
22,England,1.0,4,Declan RICE,8754.0,2891.4,3805.5,1339.7,534.0,183.4,108.0,41.0,28.9
22,England,1.0,5,JohnSTONES,9455.6,3434.2,4062.7,1411.9,454.9,91.9,121.0,35.0,27.5
22,England,1.0,8,ElliotANDERSON,12044.1,3501.4,5420.1,2256.3,708.5,157.8,187.0,54.0,29.1
22,England,1.0,9,Harry KANE,11480.1,3950.1,4938.6,1762.7,712.1,116.6,150.0,44.0,28.0
22,England,1.0,10,JudeBELLINGHAM,9139.2,3595.9,2914.4,1534.2,766.0,328.6,126.0,58.0,32.0
22,England,1.0,18,AnthonyGORDON,8110.1,3229.1,2588.9,1156.5,701.6,434.1,103.0,58.0,31.2
22,England,1.0,20,Noni MADUEKE,7673.9,3265.2,2496.5,1147.6,404.4,360.2,96.0,35.0,34.1
22,England,1.0,24,ReeceJAMES,10452.6,4080.7,4285.4,1423.0,482.5,180.9,119.0,38.0,31.2
22,England,1.0,6,Marc GUEHI,1167.5,306.4,671.0,144.2,34.8,11.0,12.0,2.0,26.2
22,England,1.0,7,Bukayo SAKA,3035.5,961.3,1236.5,442.4,244.2,151.1,41.0,18.0,32.0
22,England,1.0,11,MarcusRASHFORD,3064.2,865.2,1362.1,466.2,207.2,163.6,49.0,19.0,32.5
22,England,1.0,17,MorganROGERS,3331.6,825.4,1585.2,643.2,177.2,100.6,43.0,14.0,30.7
22,England,1.0,25,Djed SPENCE,1981.8,758.6,750.9,209.4,136.6,126.2,16.0,10.0,35.2
23,Portugal,1.0,1,DIOGOCOSTA,4615.1,3698.8,832.2,73.8,10.4,,8.0,1.0,22.9
23,Portugal,1.0,4,TOMASARAUJO,10213.3,4172.5,4140.8,1319.5,501.1,79.3,113.0,39.0,29.4
23,Portugal,1.0,7,CRISTIANORONALDO,8389.5,4267.2,3025.3,688.3,335.5,73.1,60.0,29.0,30.7
23,Portugal,1.0,8,BRUNOFERNANDES,10584.9,4077.8,4430.8,1412.2,504.4,159.7,115.0,42.0,31.2
23,Portugal,1.0,10,BERNARDOSILVA,6076.9,1779.9,2691.9,1069.5,416.7,118.9,87.0,29.0,28.5
23,Portugal,1.0,13,RENATOVEIGA,10073.0,4104.8,4202.4,1203.5,402.4,159.9,113.0,31.0,32.4
23,Portugal,1.0,15,JOAONEVES,11977.1,3502.4,5993.1,1550.7,731.3,199.6,144.0,54.0,29.2
23,Portugal,1.0,18,PEDRONETO,7636.3,3283.5,2661.6,894.6,515.5,281.2,88.0,47.0,34.8
23,Portugal,1.0,20,JOAO CANCELO,10754.2,4092.4,4479.7,1468.0,626.0,88.0,122.0,49.0,28.5
23,Portugal,1.0,23,VITINHA,10224.6,3118.3,5088.0,1341.3,528.1,148.9,112.0,42.0,31.4
23,Portugal,1.0,25,NUNO MENDES,6523.7,2910.4,2374.2,785.7,298.1,155.4,62.0,31.0,31.5
23,Portugal,1.0,2,NELSONSEMEDO,3086.1,852.2,1282.6,608.5,210.3,132.5,46.0,16.0,31.1
23,Portugal,1.0,9,GONCALORAMOS,1627.4,452.3,614.4,302.9,189.1,68.6,27.0,14.0,31.9
23,Portugal,1.0,17,RAFAEL LEAO,2434.2,1085.1,784.8,352.2,155.3,56.8,31.0,11.0,30.1
23,Portugal,1.0,26,FRANCISCOCONCEICAO,5560.7,2075.0,2306.9,791.8,237.9,149.1,64.0,23.0,32.9
24,Uzbekistan,1.0,1,UtkirYUSUPOV,5094.4,4300.5,694.1,87.5,12.3,,7.0,1.0,22.5
24,Uzbekistan,1.0,2,AbdukodirKHUSANOV,9145.7,4109.5,3818.5,817.8,242.8,157.1,78.0,25.0,36.5
24,Uzbekistan,1.0,5,RuStamASHURMATOV,7499.1,3218.8,3285.4,754.2,167.7,73.0,64.0,15.0,30.3
24,Uzbekistan,1.0,6,Akmal MOZGOVOY,12019.7,4161.7,5831.2,1570.6,384.2,72.0,150.0,31.0,28.3
24,Uzbekistan,1.0,7,OtabekSHUKUROV,11549.7,3986.3,5708.0,1487.4,318.3,49.6,132.0,28.0,28.5
24,Uzbekistan,1.0,11,OstonURUNOV,5419.7,2256.2,2104.6,767.7,220.6,70.6,59.0,19.0,30.4
24,Uzbekistan,1.0,13,Sherzod NASRULLAEV,5146.8,2139.4,2214.7,534.3,232.8,25.6,50.0,18.0,26.6
24,Uzbekistan,1.0,14,EldorSHOMURODOV,9918.9,4712.8,3471.8,1053.5,501.3,179.4,93.0,45.0,30.2
24,Uzbekistan,1.0,18,AbdullaABDULLAEV,9837.6,4379.6,4126.6,1028.4,257.8,45.1,86.0,19.0,30.3
24,Uzbekistan,1.0,22,AbbosbekFAYZULLAEV,8320.1,3173.1,3383.9,1092.2,447.3,223.6,101.0,35.0,33.9
24,Uzbekistan,1.0,24,BehruzjonKARiMov,10419.4,4040.4,4314.9,1323.2,522.4,218.5,112.0,45.0,32.2
24,Uzbekistan,1.0,4,FarrukhSAYFIEV,5770.1,2257.9,2092.7,831.6,442.8,145.1,71.0,31.0,30.6
24,Uzbekistan,1.0,17,DostonbekKHAMDAMoV,5750.2,2197.0,2226.8,897.1,357.2,72.1,75.0,25.0,32.3
24,Uzbekistan,1.0,20,AzizbekAMONOV,2708.1,1020.9,1005.6,378.6,220.7,82.3,36.0,16.0,30.1
24,Uzbekistan,1.0,21,lgor SERGEEV,787.5,260.7,353.1,92.9,69.5,11.3,8.0,4.0,27.0
24,Uzbekistan,1.0,26,JakhongirUROZOV,2631.4,889.3,1221.8,408.4,84.2,27.7,39.0,8.0,30.8
25,South Africa,1.0,1,RonwenWILLIAMS,5596.2,4204.5,1227.2,123.5,41.0,,9.0,3.0,24.3
25,South Africa,1.0,4,TebohoMOKOENA,10523.7,3520.6,4748.2,1631.7,482.8,140.4,135.0,38.0,31.3
25,South Africa,1.0,5,ThalenteMBATHA,11135.5,3794.2,4751.4,1796.0,515.7,278.2,159.0,47.0,31.1
25,South Africa,1.0,6,AubreyMODIBA,10348.5,3944.7,4211.4,1563.2,544.5,84.7,142.0,37.0,29.1
25,South Africa,1.0,7,OswinAPPOLLIS,11066.8,3530.7,4982.4,1712.8,685.7,155.2,145.0,62.0,32.2
25,South Africa,1.0,12,ThapeloMASEKO,9209.1,3320.1,3864.1,1212.9,619.1,192.9,109.0,52.0,32.4
25,South Africa,1.0,14,MbekezeliMBOKAZI,8919.1,3598.2,3732.0,1006.3,364.1,218.4,89.0,34.0,32.7
25,South Africa,1.0,15,lqraamRAYNERS,7369.7,3107.4,2551.3,860.9,528.4,321.7,68.0,45.0,32.9
25,South Africa,1.0,20,Khuliso MUDAU,10551.4,3499.2,4664.1,1385.1,608.6,394.4,115.0,46.0,32.8
25,South Africa,1.0,21,ImeOKON,10261.0,3799.4,4045.6,1545.2,638.7,232.0,141.0,55.0,31.5
25,South Africa,1.0,23,JaydenADAMS,5460.8,1963.9,2398.0,809.4,243.6,45.9,73.0,19.0,28.6
25,South Africa,1.0,10,RelebohileMOFOKENG,6568.0,1619.8,3260.4,1255.8,302.8,129.1,102.0,23.0,30.0
25,South Africa,1.0,17,EvidenceMAKGOPA,3253.8,1212.9,1246.2,529.8,174.7,90.2,43.0,14.0,28.6
25,South Africa,1.0,25,KamogeloSEBELEBELE,1742.9,415.8,777.8,358.9,126.0,64.5,27.0,11.0,28.3
27,Qatar,0.999,1,MAHMOUDABUNADA,5117.9,4171.2,910.0,36.7,,,5.0,,18.6
27,Qatar,0.999,2,PEDRO MIGUEL,8520.8,3960.0,3404.2,787.2,255.3,114.1,67.0,22.0,28.6
27,Qatar,0.999,4,ISSALAYE,9509.7,3528.8,4241.0,1168.8,431.8,139.3,104.0,30.0,30.2
27,Qatar,0.999,5,JASSEMGABER,4776.1,1753.9,2167.2,577.8,195.1,82.2,52.0,14.0,28.5
27,Qatar,0.999,8,EDMILSONJUNIOR,5036.9,1998.2,1996.9,730.9,222.9,88.0,55.0,18.0,31.1
27,Qatar,0.999,11,AKRAMAFIF,5215.5,2435.1,1962.3,539.0,196.2,82.8,48.0,23.0,33.2
27,Qatar,0.999,13,AYOUBALOUI,9565.4,3992.9,3936.1,1139.9,394.7,101.7,105.0,33.0,32.1
27,Qatar,0.999,14,HOMAM AHMED,3082.1,1129.4,1339.1,329.8,160.0,123.8,30.0,13.0,32.0
27,Qatar,0.999,15,YUSUFABDURISAG,4484.0,1337.2,1924.9,784.8,290.2,147.0,65.0,19.0,29.2
27,Qatar,0.999,16,BOUALEMKHOUKHI,7919.7,3996.8,2935.1,764.9,189.0,33.9,69.0,15.0,26.7
27,Qatar,0.999,23,ASSIMMADIBO,5700.0,1908.7,2633.8,925.7,190.5,41.4,72.0,15.0,29.0
27,Qatar,0.999,3,LUCASMENDES,1535.0,502.4,675.3,219.0,127.4,10.9,17.0,9.0,27.0
27,Qatar,0.999,18,SULTANALBRAKE,6624.9,2601.3,2832.6,892.4,208.7,90.0,80.0,17.0,31.9
27,Qatar,0.999,20,AHMEDFATHY,3981.9,1350.0,1578.5,761.5,240.9,50.9,63.0,18.0,27.7
27,Qatar,0.999,25,ALHASHMIALHUSSEIN,4072.3,1486.9,1687.9,597.1,236.3,64.1,50.0,20.0,30.2
27,Qatar,0.999,26,MOHAMEDMANAI,5611.5,1935.8,2201.8,983.8,345.4,144.7,81.0,24.0,30.2
28,South Korea,1.0,1,KIM Seunggyu,5398.0,3978.7,1210.3,145.6,62.1,1.4,12.0,5.0,25.1
28,South Korea,1.0,2,LEE Hanbeom,10482.6,3994.6,4588.9,1364.3,392.9,141.9,130.0,30.0,32.1
28,South Korea,1.0,3,LEE Gihyuk,10167.2,3575.7,4613.5,1364.2,426.3,187.6,117.0,35.0,31.6
28,South Korea,1.0,4,KIM Minjae,9969.0,4035.7,4365.5,971.9,345.4,250.4,85.0,33.0,34.4
28,South Korea,1.0,6,HWANG Inbeom,11491.9,3566.4,6028.7,1395.3,401.4,100.1,132.0,27.0,30.6
28,South Korea,1.0,7,SON Heungmin,6444.9,2513.1,2565.9,720.2,366.1,279.5,64.0,34.0,33.7
28,South Korea,1.0,8,PAIK Seungho,8930.1,3014.2,4457.0,1101.2,295.5,62.0,94.0,25.0,28.9
28,South Korea,1.0,10,LEE Jaesung,6971.5,2375.9,2929.7,1057.1,523.8,85.1,95.0,41.0,29.4
28,South Korea,1.0,15,KIM Moonhwan,8571.4,3153.3,3331.7,1273.5,604.8,208.1,109.0,52.0,32.1
28,South Korea,1.0,19,LEE Kangin,9414.8,4034.0,4207.2,895.6,257.1,20.9,82.0,25.0,26.4
28,South Korea,1.0,22,SEOL Youngwoo,8019.5,3179.8,3169.9,923.8,493.1,252.8,71.0,43.0,33.5
28,South Korea,1.0,9,CHO Guesung,2071.3,774.8,951.5,234.0,100.9,10.2,21.0,9.0,26.7
28,South Korea,1.0,11,HWANG Heechan,4224.6,1516.9,1764.1,564.0,267.8,111.8,48.0,21.0,30.0
28,South Korea,1.0,18,OH Hyeongyu,3960.1,1616.2,1530.8,507.0,227.3,78.8,45.0,19.0,29.6
28,South Korea,1.0,20,YANG Hyunjun,2936.4,882.2,1329.5,454.1,212.3,58.3,37.0,21.0,32.9
28,South Korea,1.0,25,EOMJisung,3054.6,1037.6,1060.2,529.1,322.5,105.2,32.0,23.0,30.9
29,Brazil,1.0,1,ALISSON,5530.5,4607.7,886.1,33.6,3.0,,4.0,,20.8
29,Brazil,1.0,3,GABRIELMAGALHAES,10209.5,4179.2,4425.4,1063.5,312.4,229.0,99.0,23.0,31.7
29,Brazil,1.0,4,MARQUINHOS,10016.9,3894.5,4554.5,958.7,333.1,276.2,90.0,28.0,31.6
29,Brazil,1.0,5,CASEMIRO,11229.1,3602.3,5607.7,1381.7,517.4,120.0,122.0,37.0,29.2
29,Brazil,1.0,7,VINICIUSJUNIOR,8454.8,3881.2,2629.8,1037.5,521.6,384.6,96.0,47.0,32.3
29,Brazil,1.0,8,BRUNOGUIMARAES,10352.2,3427.1,4691.2,1746.1,425.9,61.9,142.0,30.0,27.7
29,Brazil,1.0,9,MATHEUSCUNHA,7366.2,3011.5,2674.5,1168.1,370.0,142.1,103.0,34.0,31.9
29,Brazil,1.0,11,RAPHINHA,4158.5,1577.7,1490.6,491.6,310.1,288.4,37.0,28.0,33.3
29,Brazil,1.0,13,DANILO,10210.0,4039.7,3809.8,1347.5,635.7,377.4,119.0,49.0,32.1
29,Brazil,1.0,16,DOUGLASSANTOS,10930.3,3585.3,4947.8,1510.4,644.2,242.6,139.0,49.0,31.1
29,Brazil,1.0,20,LUCASPAQUETA,7816.2,2708.4,3266.1,1253.1,498.8,89.8,96.0,36.0,29.5
29,Brazil,1.0,2,EDERSON SILVA,2090.3,559.5,777.4,352.6,212.0,188.9,34.0,17.0,32.3
29,Brazil,1.0,18,DANILOSANTOS,1885.9,552.8,811.6,292.5,199.7,29.2,25.0,11.0,27.8
29,Brazil,1.0,19,ENDRICK,3237.1,1436.4,1161.6,308.4,189.2,141.6,24.0,16.0,33.0
29,Brazil,1.0,22,GABRIELMARTINELLI,3374.1,1298.4,1217.5,433.8,221.7,202.7,41.0,18.0,33.2
29,Brazil,1.0,26,RAYAN,6771.8,2363.4,2784.2,954.8,523.8,145.7,84.0,38.0,32.5
30,Morocco,1.0,1,YassineBOUNOU,4670.3,3797.8,851.6,20.1,0.9,,1.0,,20.2
30,Morocco,1.0,2,Achraf HAKIMI,10810.0,4140.3,4281.9,1380.7,634.2,373.0,121.0,54.0,35.1
30,Morocco,1.0,3,NoussairMAZRAOUI,9682.4,4013.0,4233.8,913.9,409.1,112.6,83.0,31.0,28.6
30,Morocco,1.0,6,AyyoubBOUADDI,11743.4,3297.1,5996.2,1716.6,492.6,240.8,148.0,36.0,31.4
30,Morocco,1.0,8,AzzedineOUNAHI,11936.6,3316.3,5325.4,1840.1,995.6,459.2,152.0,76.0,33.3
30,Morocco,1.0,10,BrahimDIAZ,8479.0,3849.1,2986.5,995.6,478.4,169.4,83.0,32.0,33.1
30,Morocco,1.0,11,IsmaelSAIBARI,10072.9,2919.9,4171.0,1715.4,855.2,411.4,150.0,69.0,32.5
30,Morocco,1.0,14,IssaDIOP,9457.2,4482.6,3768.1,918.7,268.2,19.6,93.0,19.0,28.5
30,Morocco,1.0,18,ChadiRIAD,10657.0,3983.7,4972.2,1280.4,348.2,72.5,131.0,26.0,32.9
30,Morocco,1.0,23,BilalELKHANNOUSS,8747.0,4279.9,2738.7,977.3,479.0,272.2,90.0,45.0,33.6
30,Morocco,1.0,24,Neil ELAYNAOUI,12290.8,3495.7,5970.6,1898.2,675.2,251.2,148.0,52.0,33.4
30,Morocco,1.0,7,ChemsdineTALBI,1826.2,434.9,719.7,377.0,205.6,88.9,35.0,15.0,33.8
30,Morocco,1.0,9,Soufiane RAHIMI,1922.4,419.9,832.8,391.2,226.0,52.5,34.0,15.0,28.8
30,Morocco,1.0,15,SamirELMOURABET,1169.9,154.7,558.5,298.7,151.3,6.8,25.0,10.0,26.3
30,Morocco,1.0,21,AyoubeAMAIMoUNI,1897.7,425.9,759.3,417.5,228.2,66.8,33.0,14.0,29.9
31,Turkey,1.0,23,Ugurcan CAKIR,5930.9,4364.7,1187.2,306.8,58.2,14.1,31.0,6.0,28.8
31,Turkey,1.0,3,MerihDEMIRAL,11238.8,5032.2,4624.5,938.2,384.0,259.8,86.0,30.0,32.7
31,Turkey,1.0,7,KeremAKTURKOGLU,5670.1,2525.3,2251.1,557.8,250.8,85.2,50.0,20.0,32.4
31,Turkey,1.0,8,Arda GULER,11985.7,4278.5,5107.3,1962.7,555.9,81.3,158.0,42.0,30.4
31,Turkey,1.0,10,HakanCALHANOGLU,12294.0,3931.4,5593.6,2117.4,543.5,108.1,172.0,37.0,30.1
31,Turkey,1.0,11,KenanYILDIZ,10817.8,4766.6,4422.4,1119.7,380.6,128.6,105.0,29.0,31.8
31,Turkey,1.0,14,AbdulkerimBARDAKCI,9999.8,4277.0,4146.4,991.1,377.6,207.7,87.0,25.0,31.5
31,Turkey,1.0,16,Ismail YUKSEK,8138.0,2942.5,3692.9,1009.5,355.0,138.1,77.0,24.0,30.0
31,Turkey,1.0,18,Mert MULDUR,11988.9,4665.2,5040.5,1334.3,541.1,407.8,111.0,41.0,31.5
31,Turkey,1.0,19,Yunus AKGUN,7450.4,2652.9,3237.2,1048.2,362.7,149.3,75.0,30.0,31.3
31,Turkey,1.0,20,Ferdi KADIOGLU,8982.2,3092.9,3789.0,1212.8,563.0,324.6,100.0,44.0,30.7
31,Turkey,1.0,6,Orkun KOKCU,1443.9,510.2,507.9,299.9,91.6,34.4,20.0,6.0,31.1
31,Turkey,1.0,9,Deniz GUL,3830.7,1851.5,1315.5,382.6,184.4,96.7,34.0,16.0,30.1
31,Turkey,1.0,13,Eren ELMALI,3409.6,1210.8,1333.8,603.7,163.2,98.2,35.0,13.0,32.4
31,Turkey,1.0,21,BarisAlperYILMAZ,5710.2,2141.2,2250.9,833.7,366.4,117.9,70.0,29.0,31.7
31,Turkey,1.0,26,Can UZUN,4445.5,1748.8,1779.0,636.7,216.4,64.7,59.0,19.0,28.5
33,Germany,1.0,1,Manuel NEUER,6069.2,4631.0,1190.4,173.6,61.9,12.4,15.0,5.0,27.6
33,Germany,1.0,4,JonathanTAH,11098.6,4015.1,5055.5,1273.7,470.2,284.1,109.0,36.0,32.9
33,Germany,1.0,5,AleksandarPAVLOVIC,8963.7,2196.1,4137.8,1686.3,691.2,252.3,148.0,45.0,31.4
33,Germany,1.0,6,Joshua KIMMICH,12194.2,3872.0,5687.2,1701.1,645.2,288.7,153.0,50.0,31.4
33,Germany,1.0,7,KaiHAVERTZ,11156.3,3543.4,4626.5,2049.9,728.2,208.3,167.0,56.0,30.9
33,Germany,1.0,10,JamalMUSIALA,8133.0,2384.5,3754.4,1392.9,426.6,174.6,119.0,37.0,30.4
33,Germany,1.0,15,Nico SCHLOTTERBECK,5511.6,1851.5,2670.6,727.2,171.8,90.4,63.0,14.0,31.9
33,Germany,1.0,17,Florian WIRTZ,12565.9,3502.7,5628.9,2233.4,962.3,238.6,191.0,68.0,31.5
33,Germany,1.0,18,NathanieIBROWN,11500.6,4108.5,5117.7,1279.2,688.1,307.1,106.0,49.0,33.0
33,Germany,1.0,19,Leroy SANE,7743.0,2560.4,2556.0,1422.4,779.5,424.8,114.0,54.0,34.4
33,Germany,1.0,23,Felix NMECHA,11884.9,4121.9,4794.7,1832.0,809.9,326.4,156.0,58.0,35.0
33,Germany,1.0,2,AntonioRUEDIGER,5172.9,2189.6,2125.9,460.2,250.8,146.5,41.0,15.0,31.7
33,Germany,1.0,8,Leon GORETZKA,1489.9,522.8,542.2,251.6,75.2,98.1,17.0,7.0,31.0
33,Germany,1.0,9,JamieLEWELING,4276.0,1572.4,1611.6,658.7,259.0,174.3,55.0,20.0,31.2
33,Germany,1.0,20,NadiemAMIRI,4280.4,1306.2,1791.2,744.4,303.0,135.5,65.0,22.0,29.6
33,Germany,1.0,26,DenizUNDAV,3791.7,1287.9,1668.2,547.6,254.4,33.5,42.0,20.0,28.9
34,Ecuador,1.0,1,Hernan GALINDEZ,3901.3,3044.4,735.3,104.2,17.4,,9.0,2.0,21.6
34,Ecuador,1.0,3,Piero HINCAPIE,10639.8,3895.8,4476.9,1395.3,544.5,327.4,117.0,41.0,30.6
34,Ecuador,1.0,5,Jordy ALCIVAR,5065.4,1827.1,2129.7,660.5,296.7,151.4,63.0,23.0,30.3
34,Ecuador,1.0,6,WillianPACHO,8829.0,4419.5,3085.7,758.2,380.7,185.0,65.0,30.0,31.6
34,Ecuador,1.0,7,PervisESTUPINAN,8104.6,2910.4,2929.3,1168.6,730.0,366.2,97.0,56.0,30.8
34,Ecuador,1.0,9,JohnYEBOAH,8807.8,3566.7,3387.6,1116.3,465.3,271.9,104.0,44.0,33.7
34,Ecuador,1.0,13,EnnerVALENCIA,8867.8,4154.0,3363.9,783.0,407.9,159.0,71.0,34.0,31.0
34,Ecuador,1.0,15,PedroVITE,10197.1,3989.8,3993.8,1664.1,487.5,61.8,156.0,35.0,27.9
34,Ecuador,1.0,19,Gonzalo PLATA,10840.8,4104.5,4572.5,1424.3,544.5,195.0,117.0,36.0,32.2
34,Ecuador,1.0,21,AlanFRANCO,8392.6,3567.6,3153.6,972.8,483.2,215.4,88.0,40.0,32.2
34,Ecuador,1.0,23,Moises CAICEDO,10036.2,3939.3,4263.8,1326.0,439.4,67.8,113.0,28.0,28.5
34,Ecuador,1.0,11,KevinRODRIGUEZ,5027.0,2203.3,1792.6,681.0,254.6,95.5,55.0,20.0,33.4
34,Ecuador,1.0,16,Jordy CAICEDO,659.8,245.7,234.1,91.7,52.5,35.8,7.0,4.0,30.4
34,Ecuador,1.0,17,Angelo PRECIADO,1515.6,526.1,690.4,202.9,77.4,18.7,16.0,6.0,26.6
34,Ecuador,1.0,20,NilsonANGULO,2834.6,1043.4,1058.8,446.5,191.2,94.7,33.0,12.0,32.8
35,Netherlands,1.0,1,BartVERBRUGGEN,5140.1,4061.9,992.1,86.2,,,11.0,,19.0
35,Netherlands,1.0,4,Virgil VAN DIJK,8985.8,4534.2,3085.2,869.5,337.9,159.1,74.0,30.0,32.3
35,Netherlands,1.0,6,JanPaulVANHECKE,9738.5,4171.9,4242.8,808.8,320.9,194.0,75.0,25.0,31.5
35,Netherlands,1.0,8,Ryan GRAVENBERCH,10505.2,4149.3,4158.4,1473.2,578.5,145.8,133.0,42.0,31.4
35,Netherlands,1.0,11,Cody GAKPO,9609.3,3866.8,3822.5,1189.0,505.9,225.1,107.0,47.0,32.2
35,Netherlands,1.0,14,Tijani REIJNDERS,7330.6,2657.7,3141.2,1031.7,364.9,135.2,102.0,31.0,30.1
35,Netherlands,1.0,15,MickyVAN DEVEN,9750.5,4665.4,3099.2,1268.3,393.7,323.9,100.0,35.0,36.8
35,Netherlands,1.0,18,Donyell MALEN,5048.7,2026.0,1955.4,617.4,328.6,121.3,56.0,31.0,31.6
35,Netherlands,1.0,19,BrianBROBBEY,7193.4,3352.7,2490.7,944.2,256.3,149.5,75.0,25.0,31.8
35,Netherlands,1.0,21,Frenkie DEJONG,7454.4,2532.0,3392.2,1061.9,367.7,100.6,96.0,26.0,30.4
35,Netherlands,1.0,22,DenzeI DUMFRIES,10231.6,4424.3,3710.9,1252.3,664.6,179.5,110.0,49.0,30.8
35,Netherlands,1.0,10,MemphisDEPAY,2886.2,915.1,1153.1,447.8,314.7,55.5,44.0,24.0,30.6
35,Netherlands,1.0,16,Guus TIL,4267.3,1315.1,1769.3,734.8,297.4,150.7,56.0,28.0,30.0
35,Netherlands,1.0,17,Noa LANG,675.0,186.6,266.1,108.4,83.0,30.9,10.0,7.0,28.7
35,Netherlands,1.0,20,TeunKOOPMEINERS,4388.1,1215.9,1968.6,857.5,298.2,47.8,65.0,22.0,29.3
35,Netherlands,1.0,24,CrysencioSUMMERVILLE,5169.9,1836.7,2098.7,693.2,378.6,162.7,53.0,33.0,31.6
35,Sweden,1.0,23,KristofferNORDFELDT,4735.6,3961.0,727.7,47.0,,,5.0,,18.6
35,Sweden,1.0,2,Gustaf LAGERBIELKE,10497.6,3695.5,4764.7,1457.6,468.9,110.8,120.0,37.0,30.3
35,Sweden,1.0,3,Victor LINDELOF,9297.1,3977.9,3745.8,1155.6,387.0,30.8,91.0,27.0,28.6
35,Sweden,1.0,4,Isak HIEN,9182.3,3692.9,4163.6,775.5,333.6,216.7,59.0,30.0,33.5
35,Sweden,1.0,5,GabrieIGUDMUNDSSON,10694.8,3677.9,4631.4,1390.6,645.0,349.9,111.0,47.0,31.4
35,Sweden,1.0,9,AlexanderISAK,9069.3,4003.0,3313.8,954.7,564.2,233.6,90.0,42.0,32.2
35,Sweden,1.0,10,BenjaminNYGREN,7553.1,1942.8,3378.5,1416.9,606.2,208.8,121.0,51.0,30.9
35,Sweden,1.0,16,JesperKARLSTROM,6944.3,2105.5,3489.6,939.3,307.1,102.8,86.0,25.0,31.3
35,Sweden,1.0,17,ViktorGYOKERES,10729.8,4226.2,4414.1,1298.1,531.9,259.5,121.0,48.0,33.3
35,Sweden,1.0,18,YasinAYARI,8974.1,3287.1,3893.7,1346.0,375.5,71.8,111.0,24.0,30.7
35,Sweden,1.0,21,AlexanderBERNHARDSSON,6510.5,2326.7,2852.6,870.1,305.0,156.2,82.0,25.0,31.1
35,Sweden,1.0,7,LucasBERGVALL,4709.8,1484.1,2007.7,788.1,298.3,131.5,66.0,24.0,32.3
35,Sweden,1.0,11,Anthony ELANGA,4005.8,1844.6,1311.8,322.2,302.9,224.2,28.0,25.0,36.5
35,Sweden,1.0,22,Besfort ZENELI,4952.0,1348.6,2049.7,1062.9,388.5,102.3,83.0,32.0,30.0
35,Sweden,1.0,24,ElliotSTROUD,393.0,70.5,155.8,58.7,39.1,69.0,5.0,2.0,29.2
35,Sweden,1.0,26,Taha ALI,1803.9,664.5,637.8,298.9,162.8,40.0,26.0,11.0,29.2
36,Japan,1.0,1,Zion SUZUKI,5410.5,3880.5,1384.6,112.4,25.8,7.2,13.0,2.0,25.7
36,Japan,1.0,4,Kou ITAKURA,9861.4,3996.5,4371.8,1068.1,302.0,122.9,87.0,27.0,30.9
36,Japan,1.0,7,Ao TANAKA,11177.0,3738.2,5399.9,1520.6,400.2,118.2,143.0,28.0,32.0
36,Japan,1.0,10,Ritsu DOAN,8422.1,3135.5,3592.0,913.8,558.2,222.6,77.0,44.0,31.3
36,Japan,1.0,13,KeitoNAKAMURA,8989.8,3428.4,3442.8,1366.9,563.6,188.2,112.0,44.0,33.1
36,Japan,1.0,14,Junya ITO,10155.9,4019.6,4198.0,1079.6,587.1,271.6,88.0,43.0,33.0
36,Japan,1.0,15,Daichi KAMADA,8404.8,3154.1,3416.2,1179.8,583.7,70.9,96.0,41.0,27.7
36,Japan,1.0,18,Ayase UEDA,9059.2,3608.9,3854.2,1024.8,397.2,174.1,85.0,33.0,32.5
36,Japan,1.0,21,Hiroki ITO,10361.4,4332.3,4213.9,1237.6,486.3,91.3,103.0,39.0,30.0
36,Japan,1.0,22,TakehiroTOMIYASU,8493.2,3215.3,3978.8,1029.8,235.1,34.3,81.0,18.0,28.4
36,Japan,1.0,24,Kaishu SANO,11503.9,3964.1,5272.6,1698.0,419.2,150.1,139.0,34.0,31.1
36,Japan,1.0,2,YukinariSUGAWARA,2445.7,993.7,982.9,249.7,112.3,107.0,16.0,10.0,32.6
36,Japan,1.0,9,Keisuke GOTO,1396.3,497.1,454.9,180.4,126.1,137.8,15.0,10.0,31.1
36,Japan,1.0,17,Yuito SUZUKI,2226.6,732.8,731.2,405.7,143.2,213.8,32.0,14.0,33.6
36,Japan,1.0,20,Ayumu SEKO,1869.7,705.5,891.2,215.9,42.2,15.0,16.0,4.0,26.5
36,Japan,1.0,25,JunnosukeSUZUKI,2449.6,915.7,881.6,330.8,273.4,48.0,29.0,18.0,28.6
37,Uruguay,1.0,23,Fernando MUSLERA,4683.1,3790.6,710.0,126.9,47.3,8.5,10.0,4.0,25.6
37,Uruguay,1.0,3,Sebastian CACERES,10113.9,4498.1,3903.6,1043.1,415.1,254.1,96.0,36.0,30.9
37,Uruguay,1.0,5,ManuelUGARTE,8202.7,3099.6,3705.0,931.9,393.3,72.9,83.0,28.0,29.2
37,Uruguay,1.0,6,Rodrigo BENTANCUR,11302.2,4878.3,4153.9,1269.8,744.7,255.4,118.0,59.0,31.5
37,Uruguay,1.0,8,FedericoVALVERDE,9718.3,3979.8,4332.0,893.6,326.1,186.9,76.0,26.0,33.6
37,Uruguay,1.0,13,GuillermoVARELA,11018.0,4083.5,4728.0,1273.8,636.4,296.3,107.0,50.0,32.4
37,Uruguay,1.0,14,Agustin CANOBBIO,11280.1,3641.8,4803.9,1546.4,899.0,389.0,127.0,68.0,32.7
37,Uruguay,1.0,16,MathiasOLIVERA,11355.3,4292.3,4449.3,1704.4,796.5,112.8,141.0,51.0,28.3
37,Uruguay,1.0,20,Maxi ARAUJO,8974.1,3460.3,3501.1,1106.6,595.5,310.6,100.0,53.0,32.2
37,Uruguay,1.0,21,Federico VINAS,7261.9,3413.9,2430.9,795.3,463.4,158.4,64.0,42.0,32.2
37,Uruguay,1.0,25,JuanManuelSANABRIA,11426.7,3912.5,4715.8,1809.2,826.8,162.3,167.0,65.0,32.0
37,Uruguay,1.0,7,NicolasDELACRUZ,2893.1,927.7,1072.7,500.7,258.9,133.1,40.0,20.0,29.9
37,Uruguay,1.0,9,Darwin NUNEZ,2699.2,1289.2,802.3,265.8,162.3,179.7,20.0,14.0,34.6
37,Uruguay,1.0,18,BrianRODRIGUEZ,1849.7,692.5,565.7,373.2,122.1,96.1,29.0,13.0,34.9
38,Saudi Arabia,1.0,21,MOHAMMEDALOWAIS,4673.1,3760.3,813.4,84.0,15.4,,10.0,1.0,24.1
38,Saudi Arabia,1.0,3,ALI LAJAMI,9099.1,4330.4,3437.1,894.2,346.8,90.6,83.0,29.0,31.6
38,Saudi Arabia,1.0,4,ABDULELAHALAMRI,6452.2,2627.4,2698.4,754.7,267.7,103.9,76.0,24.0,30.1
38,Saudi Arabia,1.0,5,HASSANALTAMBAKTI,10090.9,3652.5,4554.0,1217.6,518.3,148.6,128.0,40.0,32.2
38,Saudi Arabia,1.0,6,NASSERALDAWSARI,11676.3,3032.2,4851.7,2879.9,809.5,102.9,221.0,59.0,31.2
38,Saudi Arabia,1.0,7,MUSABALJUWAYR,6476.3,1868.8,2671.6,1391.3,441.8,102.9,109.0,32.0,30.3
38,Saudi Arabia,1.0,9,FERASALBRIKAN,7245.5,2637.4,3012.3,962.9,368.2,264.7,90.0,32.0,30.9
38,Saudi Arabia,1.0,10,SALEMALDAWSARI,11548.5,4099.8,4456.0,1930.2,823.0,239.5,173.0,67.0,33.3
38,Saudi Arabia,1.0,12,SAUDABDULHAMID,10416.8,3809.1,3954.3,1414.9,852.2,386.4,125.0,61.0,32.5
38,Saudi Arabia,1.0,15,ABDULLAHALKHAIBARI,6071.7,1666.3,3010.9,1075.6,274.9,44.0,91.0,24.0,27.4
38,Saudi Arabia,1.0,24,MOTEBALHARBI,10629.1,4189.8,4355.8,1126.8,598.7,357.9,107.0,48.0,33.7
38,Saudi Arabia,1.0,17,KHALIDALGHANNAM,790.3,216.8,420.3,116.6,36.6,,10.0,4.0,23.4
38,Saudi Arabia,1.0,18,ALAALHAJJI,4558.8,1046.1,2174.6,896.6,390.2,51.3,83.0,28.0,26.8
38,Saudi Arabia,1.0,19,ABDULLAHALHAMDDAN,6031.9,1944.9,2467.2,1013.7,464.4,141.7,100.0,32.0,30.5
38,Saudi Arabia,1.0,23,MOHAMEDKANNO,5336.4,1959.1,2213.4,786.9,248.9,128.1,69.0,19.0,29.9
38,Saudi Arabia,1.0,26,MOHAMMEDABUALSHAMAT,3905.9,1331.2,1638.4,563.7,274.2,98.4,51.0,20.0,31.3
39,Iran,1.0,1,AlirezaBEIRANVAND,4197.8,3759.4,412.2,26.2,,,3.0,,17.9
39,Iran,1.0,2,Saleh HARDANI,5086.1,2184.8,2108.0,528.4,197.7,67.3,50.0,17.0,29.8
39,Iran,1.0,3,EhsanHAJISAFI,8042.7,2871.9,3626.2,1081.8,382.8,80.0,93.0,33.0,28.2
39,Iran,1.0,4,ShojaKHALILZADEH,9163.2,4678.4,3271.8,861.8,244.4,106.8,71.0,24.0,30.1
39,Iran,1.0,6,SaeidEZATOLAHI,9882.3,3774.9,4494.5,1366.8,216.3,29.8,118.0,17.0,26.5
39,Iran,1.0,8,MohammadMoHEBBI,8659.3,2827.8,3317.5,1565.0,723.6,225.3,132.0,55.0,30.5
39,Iran,1.0,9,MehdiTAREMI,10415.0,4090.1,4061.6,1321.9,686.1,255.4,121.0,59.0,30.5
39,Iran,1.0,13,Hossein KANANI,9376.5,4392.4,3937.2,826.9,193.0,27.0,70.0,14.0,28.0
39,Iran,1.0,14,Saman GHODDOS,9475.7,2816.6,4711.8,1449.5,431.2,66.7,119.0,35.0,29.4
39,Iran,1.0,19,Ali NEMATI,10522.0,4338.2,4177.1,1268.2,486.9,251.6,126.0,41.0,32.9
39,Iran,1.0,23,RaminREZAEIAN,11597.8,3748.0,5360.8,1778.2,610.1,100.7,154.0,47.0,29.1
39,Iran,1.0,5,MiladMOHAMMADI,3423.9,1178.2,1388.9,551.4,218.5,86.9,48.0,20.0,29.0
39,Iran,1.0,7,AlirezaJAHANBAKHSH,5639.8,2124.6,2181.4,918.6,320.5,94.7,72.0,25.0,30.1
39,Iran,1.0,16,MehdiTORABI,3461.7,1254.6,1237.8,699.0,256.6,13.7,65.0,18.0,27.6
39,Iran,1.0,18,AmirhosseinHOSSEINZADEH,1288.1,313.4,590.3,292.1,84.8,7.5,24.0,8.0,26.0
39,Iran,1.0,20,ShahriyarMOGHANLOO,2345.7,586.7,1159.4,414.9,182.8,1.9,38.0,12.0,25.3
40,Egypt,1.0,23,MOSTAFASHOUBIR,5703.5,4442.2,1059.7,150.2,51.3,,13.0,3.0,22.8
40,Egypt,1.0,2,YASSERIBRAHIM,10180.4,3959.2,4325.0,1207.5,578.0,110.7,107.0,43.0,30.7
40,Egypt,1.0,3,MOHAMEDHANY,10285.8,4095.5,4047.0,1244.3,633.7,265.3,105.0,49.0,30.3
40,Egypt,1.0,8,EMAMASHOUR,9963.4,3345.3,4171.3,1537.4,735.5,174.0,140.0,51.0,30.8
40,Egypt,1.0,10,MOHAMEDSALAH,9658.2,3299.1,4330.7,1264.2,563.5,200.6,116.0,45.0,33.1
40,Egypt,1.0,11,MOSTAFAZICO,9630.4,3005.7,4231.7,1575.0,627.2,190.8,137.0,46.0,31.0
40,Egypt,1.0,13,AHMED FATOUH,11782.2,3737.2,5029.5,1920.8,842.6,252.1,151.0,64.0,30.7
40,Egypt,1.0,14,HAMDY FATHY,4017.7,1630.4,1592.8,494.0,248.9,51.6,43.0,17.0,29.2
40,Egypt,1.0,17,MOHANADLASHIN,11524.8,4423.0,4667.5,1556.4,574.6,303.3,127.0,44.0,31.5
40,Egypt,1.0,19,MARAWAN ATTIA,12502.6,3850.4,5097.8,2451.5,826.2,276.8,195.0,62.0,30.6
40,Egypt,1.0,22,OMARMARMOUSH,7727.3,3157.9,3072.7,862.8,398.2,235.7,67.0,35.0,34.4
40,Egypt,1.0,4,HOSSAMABDELMAGUID,1047.9,424.0,383.0,142.4,83.0,15.4,9.0,8.0,27.5
40,Egypt,1.0,5,RAMYRABIA,6403.0,2547.3,2512.4,934.9,310.0,98.4,72.0,21.0,31.2
40,Egypt,1.0,6,MOHAMEDABDELMONEIM,363.8,45.8,149.1,106.4,50.4,12.1,11.0,4.0,26.1
40,Egypt,1.0,7,TREZEGUET,2941.4,1098.1,1022.0,464.5,217.3,139.5,42.0,21.0,32.7
40,Egypt,1.0,9,HAMZA ABDELKARIM,2747.8,925.2,1055.0,413.9,207.9,145.7,33.0,18.0,29.1
40,Egypt,1.0,25,ZIZO,1841.2,490.0,770.0,203.9,158.1,219.2,15.0,9.0,32.6
41,Senegal,1.0,16,Edouard MENDY,3734.3,2917.1,733.8,81.5,2.0,,7.0,,20.5
41,Senegal,1.0,3,KalidouKOULIBALY,6653.6,2771.3,2520.1,996.3,249.8,116.1,82.0,17.0,29.8
41,Senegal,1.0,5,IdrissaGanaGUEYE,9877.6,3478.2,4431.0,1289.1,523.0,156.3,114.0,36.0,29.9
41,Senegal,1.0,8,Lamine CAMARA,7530.2,2167.1,2910.1,1369.1,813.2,270.7,110.0,61.0,30.6
41,Senegal,1.0,10,SadioMANE,10185.9,4124.6,4006.9,1270.9,583.7,199.7,108.0,49.0,29.6
41,Senegal,1.0,11,NicolasJACKSON,10873.7,3675.5,4677.6,1515.1,663.7,341.8,132.0,61.0,31.7
41,Senegal,1.0,15,Krepin DIATTA,9970.6,3713.4,4317.3,1173.9,544.7,221.4,100.0,37.0,31.1
41,Senegal,1.0,18,Ismaila SARR,11875.8,3939.8,4963.0,1845.9,752.0,375.1,157.0,58.0,34.5
41,Senegal,1.0,19,MouSsaNIAKHATE,9351.4,3804.1,4246.5,871.2,284.7,144.9,74.0,26.0,30.9
41,Senegal,1.0,25,EI Hadji MalickDlOUF,6644.7,2196.1,2836.3,926.9,395.4,290.0,75.0,32.0,31.0
41,Senegal,1.0,26,Pape GUEYE,6830.7,2119.3,3118.1,1084.3,369.6,139.4,87.0,26.0,31.5
41,Senegal,1.0,23,MoryDIAW,1778.0,1326.0,427.8,24.2,,,2.0,,19.5
41,Senegal,1.0,6,Pathe CISS,3547.9,1479.5,1467.3,437.3,158.9,4.9,34.0,12.0,25.2
41,Senegal,1.0,14,IsmailJAKOBS,5042.1,1373.9,2404.0,761.9,340.1,162.2,67.0,28.0,31.6
41,Senegal,1.0,17,Pape Matar SARR,3215.3,1102.6,1308.1,546.9,231.8,25.9,43.0,14.0,28.2
41,Senegal,1.0,20,Ibrahim MBAYE,4104.7,1659.7,1596.9,536.9,203.8,107.3,52.0,17.0,34.7
44,Jordan,1.0,1,YAZEEDABULAILA,4629.0,3961.6,622.3,31.7,13.5,,3.0,1.0,23.5
44,Jordan,1.0,3,ABDALLAHNASIB,9644.4,3875.4,4227.6,1027.5,365.9,148.1,89.0,29.0,31.4
44,Jordan,1.0,4,HUSAMABUDAHAB,10189.2,3789.3,4843.5,1043.8,385.8,126.7,106.0,33.0,32.0
44,Jordan,1.0,5,YAZANALARAB,9484.4,4001.8,4205.1,868.9,280.1,128.6,78.0,22.0,30.8
44,Jordan,1.0,8,NOORALRAWABDEH,13086.4,3293.0,6420.7,2681.4,566.8,124.5,226.0,43.0,32.3
44,Jordan,1.0,9,ALIOLWAN,10959.5,3679.6,4543.8,1627.3,773.6,335.3,146.0,58.0,32.6
44,Jordan,1.0,10,MOUSAALTAMARI,9158.7,3577.9,3485.2,1102.1,520.5,473.0,93.0,44.0,34.6
44,Jordan,1.0,13,MAHMOUDALMARDI,10324.8,2742.8,4728.7,2064.5,714.8,73.9,189.0,52.0,28.9
44,Jordan,1.0,20,MOHANNADABUTAHA,9717.3,3331.6,4282.2,1438.5,518.0,146.9,119.0,45.0,31.8
44,Jordan,1.0,21,NIZARALRASHDAN,11326.8,3448.0,5654.0,1613.3,444.7,166.8,143.0,31.0,31.1
44,Jordan,1.0,23,EHSAN HADDAD,11202.0,4016.2,4946.1,1549.1,554.5,136.1,146.0,40.0,30.9
44,Jordan,1.0,2,MOHAMMADABUHASHEESH,1660.4,486.5,679.0,253.5,212.1,29.5,25.0,12.0,27.6
44,Jordan,1.0,7,MOHAMMADABUZRAIQ,945.8,219.4,372.2,203.6,104.7,45.8,13.0,9.0,31.4
44,Jordan,1.0,11,ODEHFAKHOURY,2704.0,765.0,1209.5,449.0,250.1,30.3,39.0,16.0,29.0
44,Jordan,1.0,17,SALEEMOBAID,775.8,254.4,363.5,94.6,63.2,,11.0,6.0,24.1
44,Jordan,1.0,24,ALI AZAIZEH,1684.5,479.3,745.0,317.0,109.7,33.4,23.0,8.0,29.9
44,Algeria,1.0,23,Luca ZIDANE,4619.9,3361.4,972.7,204.7,70.3,10.9,18.0,9.0,27.8
44,Algeria,1.0,2,AissaMANDI,10098.3,4488.1,4076.0,1003.9,400.4,129.9,87.0,29.0,30.0
44,Algeria,1.0,6,RamizZERROUKI,5745.3,1776.7,2918.2,759.5,228.2,62.7,61.0,16.0,30.0
44,Algeria,1.0,7,Riyad MAHREZ,9414.1,3085.8,4097.2,1545.7,600.9,84.4,133.0,39.0,31.2
44,Algeria,1.0,9,Amine GOUIRI,9161.8,3785.7,3424.1,1334.4,502.6,114.9,115.0,42.0,29.5
44,Algeria,1.0,10,Fares CHAIBI,11861.3,3606.6,5489.1,1760.7,738.8,266.1,157.0,60.0,30.9
44,Algeria,1.0,14,Hicham BOUDAOUI,5973.1,1721.5,2641.4,1031.5,494.3,84.4,88.0,31.0,29.8
44,Algeria,1.0,15,Rayan AIT-NOURI,9522.4,3605.4,3639.8,1278.3,695.3,303.5,115.0,52.0,33.5
44,Algeria,1.0,17,RafikBELGHALI,11483.7,3746.6,5187.1,1712.3,709.8,127.8,150.0,49.0,30.1
44,Algeria,1.0,21,RamyBENSEBAINI,9371.7,4067.4,3677.0,1001.9,417.1,208.2,80.0,32.0,33.3
44,Algeria,1.0,22,IbrahimMAZA,11862.7,4145.5,5312.8,1722.5,516.8,165.1,149.0,40.0,32.7
44,Algeria,1.0,5,Zineddine BELAID,1471.6,542.4,595.2,217.4,103.0,13.6,18.0,8.0,27.2
44,Algeria,1.0,11,Anis HADJ MOUSSA,2464.6,836.2,1054.7,322.5,168.1,83.0,26.0,17.0,29.4
44,Algeria,1.0,12,NadhirBENBOUALI,5586.1,2065.4,2260.4,774.2,363.9,122.2,66.0,35.0,30.1
44,Algeria,1.0,13,JaouenHADJAM,1599.5,491.1,631.8,256.3,194.9,25.4,20.0,13.0,27.0
44,Algeria,1.0,19,Nabil BENTALEB,6053.9,2051.9,2602.6,917.3,388.2,93.9,80.0,27.0,29.7
45,England,1.0,1,JordanPICKFORD,5818.0,3871.7,1602.0,279.0,53.2,12.2,29.0,5.0,26.6
45,England,1.0,2,Ezri KONSA,9462.7,4429.1,3678.3,944.8,275.0,135.4,80.0,22.0,32.5
45,England,1.0,4,Declan RICE,11072.3,3813.6,4827.6,1491.4,635.0,304.6,136.0,45.0,32.3
45,England,1.0,6,Marc GUEHI,9902.0,3535.9,4794.8,1065.7,341.2,164.3,100.0,27.0,32.6
45,England,1.0,8,ElliotANDERSON,8970.2,2749.9,4111.5,1512.7,492.2,103.9,128.0,38.0,28.6
45,England,1.0,9,Harry KANE,10295.0,4507.4,4098.5,1045.8,511.0,132.3,101.0,33.0,30.8
45,England,1.0,10,JudeBELLINGHAM,8089.1,3290.5,2726.0,1173.8,644.2,254.7,92.0,51.0,30.8
45,England,1.0,18,AnthonyGORDON,7039.2,3359.8,2287.5,799.6,314.9,277.5,56.0,37.0,33.2
45,England,1.0,20,Noni MADUEKE,8184.4,3629.4,3016.2,1011.2,334.1,193.4,95.0,30.0,33.3
45,England,1.0,24,ReeceJAMES,9651.1,4274.5,3797.3,861.8,469.3,248.2,68.0,41.0,33.6
45,England,1.0,25,Djed SPENCE,7157.3,2963.4,2687.2,801.3,413.2,292.2,71.0,36.0,34.0
45,England,1.0,3,Nico OREILLY,3206.2,1135.0,1328.8,459.8,194.1,88.4,37.0,16.0,32.8
45,England,1.0,7,Bukayo SAKA,2981.2,1275.4,1154.3,410.9,104.3,36.2,34.0,9.0,30.0
45,England,1.0,11,MarcusRASHFORD,1492.5,595.4,574.1,177.6,95.4,50.0,16.0,10.0,29.2
45,England,1.0,17,MorganROGERS,2685.4,954.5,1207.4,376.9,111.1,35.5,32.0,10.0,26.6
45,England,1.0,21,Eberechi EZE,2270.2,892.2,1018.0,205.5,146.4,8.1,19.0,9.0,26.7
46,Panama,1.0,22,OrlandoMOSQUERA,4778.7,3653.6,975.3,113.0,36.8,,10.0,4.0,24.2
46,Panama,1.0,2,CesarBLACKMAN,8843.0,3450.7,3672.5,963.0,515.0,241.8,86.0,34.0,32.9
46,Panama,1.0,3,JoseCORDOBA,10033.9,3486.5,4378.4,1378.7,563.0,227.4,111.0,38.0,31.6
46,Panama,1.0,6,CristianMARTINEZ,10681.0,3783.3,4729.4,1274.6,561.5,332.2,112.0,51.0,30.9
46,Panama,1.0,7,JoseLuisRODRIGUEZ,10060.8,3875.7,4067.1,1350.9,484.2,282.8,120.0,42.0,32.3
46,Panama,1.0,11,EdgarYoelBARCENAS,10518.6,3099.0,5131.5,1640.6,544.6,102.9,154.0,40.0,29.5
46,Panama,1.0,13,Jiovany RAMOS,8124.6,3123.5,3462.3,1091.4,338.7,108.7,90.0,24.0,29.6
46,Panama,1.0,14,CarlosHARVEY,11230.9,3204.6,5540.1,1735.5,651.7,99.0,157.0,40.0,28.7
46,Panama,1.0,16,Andres ANDRADE,10029.5,3824.5,4074.7,1405.9,487.9,236.4,108.0,40.0,32.6
46,Panama,1.0,17,JoseFAJARDO,9508.6,2825.2,4179.6,1426.1,663.6,414.1,119.0,53.0,33.2
46,Panama,1.0,23,AmirMURILLO,10206.4,3863.8,3965.0,1233.3,678.1,466.2,98.0,49.0,34.1
46,Panama,1.0,9,TomasRODRIGUEZ,509.3,168.2,210.4,77.5,32.5,20.7,9.0,3.0,30.7
46,Panama,1.0,15,Eric DAVIS,604.7,135.9,273.5,143.6,46.2,5.6,12.0,4.0,26.0
46,Panama,1.0,18,CecilioWATERMAN,1645.1,740.8,561.7,146.8,116.0,79.9,15.0,9.0,30.3
46,Panama,1.0,24,AzariasLONDONO,1394.9,442.2,672.2,180.3,69.2,31.1,17.0,5.0,27.1
46,Croatia,1.0,1,DominikLIVAKOVIC,4202.0,3228.5,862.8,93.0,17.8,,12.0,2.0,22.9
46,Croatia,1.0,2,Josip STANISIC,10429.8,3725.4,4290.3,1264.2,722.2,427.8,105.0,58.0,33.7
46,Croatia,1.0,3,MarinPONGRACIC,9123.7,3935.0,3398.8,1041.2,548.1,200.6,94.0,41.0,32.2
46,Croatia,1.0,4,JosKoGVARDIOL,5396.1,2140.4,1841.3,803.7,410.2,200.5,70.0,33.0,33.2
46,Croatia,1.0,6,Josip SUTALO,10034.6,3618.6,4654.4,1130.3,418.2,213.1,103.0,36.0,32.3
46,Croatia,1.0,8,MateoKOVACIC,8421.7,2767.2,3844.2,1203.5,497.0,109.8,104.0,31.0,31.7
46,Croatia,1.0,10,Luka MODRIC,8630.0,3367.7,3562.8,1007.2,514.3,177.9,91.0,29.0,30.0
46,Croatia,1.0,14,IvanPERISIC,10112.1,4364.5,3482.4,1340.3,564.3,360.6,110.0,45.0,32.2
46,Croatia,1.0,16,MartinBATURINA,11122.1,3545.8,4969.5,1590.7,770.7,245.5,142.0,55.0,33.6
46,Croatia,1.0,24,MarcoPASALIC,8147.4,2777.0,3347.4,965.8,701.9,355.3,77.0,49.0,33.3
46,Croatia,1.0,26,PetarMUSA,5647.6,1937.4,2404.2,794.9,423.5,87.6,63.0,26.0,27.8
46,Croatia,1.0,9,AndrejKRAMARIC,6146.8,1868.7,2598.0,1057.9,450.8,171.5,92.0,31.0,30.3
46,Croatia,1.0,11,AnteBUDIMIR,5475.0,2026.5,2158.7,659.1,408.9,221.9,55.0,33.0,31.0
46,Croatia,1.0,15,MarioPASALIC,1617.2,502.4,606.6,380.9,120.9,6.6,30.0,11.0,26.7
46,Croatia,1.0,17,PetarSUCIC,2757.6,783.8,1262.1,471.9,159.6,80.2,43.0,11.0,31.6
46,Croatia,1.0,21,Luka SUCIC,2774.8,832.7,1200.2,419.3,221.4,101.2,31.0,17.0,29.8
47,Portugal,1.0,1,DIOGOCOSTA,4491.2,3793.4,648.2,29.6,19.9,,3.0,2.0,24.1
47,Portugal,1.0,3,RUBENDIAS,10824.1,4071.9,5017.1,1233.7,357.1,144.3,109.0,28.0,32.1
47,Portugal,1.0,7,CRISTIANORONALDO,8406.1,4126.2,2797.9,738.1,475.3,268.6,62.0,40.0,31.6
47,Portugal,1.0,8,BRUNOFERNANDES,10536.8,4022.7,3984.6,1496.8,782.2,250.5,136.0,56.0,31.0
47,Portugal,1.0,11,JOAOFELIX,7575.4,2742.1,3218.0,932.2,373.9,309.2,86.0,34.0,32.0
47,Portugal,1.0,13,RENATOVEIGA,10320.3,4272.9,4394.1,1183.8,416.0,53.6,108.0,24.0,27.3
47,Portugal,1.0,15,JOAONEVES,9106.6,2733.3,4216.7,1465.4,534.8,156.3,122.0,37.0,30.4
47,Portugal,1.0,18,PEDRONETO,5067.5,2052.9,1845.5,592.0,293.6,283.4,51.0,27.0,34.4
47,Portugal,1.0,20,JOAO CANCELO,5530.6,2122.0,2306.9,695.4,309.7,96.5,62.0,18.0,30.1
47,Portugal,1.0,23,VITINHA,10161.5,3120.1,4918.3,1521.1,497.8,104.1,130.0,38.0,30.0
47,Portugal,1.0,25,NUNO MENDES,9352.2,3670.2,3691.5,1152.0,474.8,363.7,98.0,42.0,34.3
47,Portugal,1.0,2,NELSONSEMEDO,5360.6,1806.4,2120.3,757.3,361.7,315.0,72.0,28.0,33.8
47,Portugal,1.0,10,BERNARDOSILVA,2816.6,643.2,1376.1,506.2,224.1,67.1,48.0,16.0,29.6
47,Portugal,1.0,16,FRANCISCOTRINCAO,4066.9,1165.3,1727.1,689.0,376.4,109.2,56.0,32.0,29.2
47,Portugal,1.0,17,RAFAELLEAO,1377.3,541.0,454.5,252.8,106.1,23.0,21.0,7.0,30.8
47,Portugal,1.0,26,FRANCISCOCONCEICAO,5209.4,1974.8,1956.7,570.8,393.5,313.6,43.0,30.0,33.4
47,Ghana,1.0,12,AbduvohidNEMATOV,4482.5,3448.9,877.5,128.3,26.2,1.5,11.0,1.0,25.1
47,Ghana,1.0,2,AbdukodirKHUSANOV,9072.5,3719.5,3700.5,789.5,459.5,403.5,67.0,40.0,35.6
47,Ghana,1.0,5,RuStamASHURMATOV,9439.2,3495.0,4130.1,1258.3,429.3,126.5,122.0,36.0,30.8
47,Ghana,1.0,7,OtabekSHUKUROV,10724.4,3372.7,4954.9,1825.3,455.0,116.5,147.0,35.0,30.7
47,Ghana,1.0,9,OdiljonXAMROBEKOV,5726.4,1683.7,2504.1,1143.1,336.8,58.7,95.0,22.0,28.6
47,Ghana,1.0,13,SherZodNASRULLAEV,5254.7,1940.9,2078.3,692.6,354.1,188.8,59.0,27.0,34.1
47,Ghana,1.0,14,EIdorSHOMURODOV,9858.8,4691.2,3221.9,1090.3,531.8,323.6,94.0,47.0,34.0
47,Ghana,1.0,18,AbdullaABDULLAEV,9924.4,3968.9,4117.9,1155.7,456.9,225.0,105.0,38.0,32.5
47,Ghana,1.0,19,Azizjon GANIEV,11415.1,4109.2,4331.2,1779.9,949.4,245.3,159.0,72.0,29.9
47,Ghana,1.0,22,AbbosbekFAYZULLAEV,8243.7,2834.6,3295.4,1338.1,525.4,250.3,109.0,44.0,31.7
47,Ghana,1.0,24,BehruzjonKARIMOV,10251.7,3545.0,4154.5,1465.4,825.6,261.2,121.0,62.0,30.9
47,Ghana,1.0,3,KhojiakbarALIJONOV,5294.6,1714.3,2001.5,922.3,418.1,238.3,77.0,29.0,32.4
47,Ghana,1.0,6,AkmalMOZGOVOY,5874.2,1897.4,2375.9,1106.7,364.7,129.5,89.0,29.0,32.2
47,Ghana,1.0,10,RuslanbekJIYANOV,588.9,115.9,247.4,137.9,54.6,33.1,9.0,4.0,29.4
47,Ghana,1.0,21,lgorSERGEEV,2813.5,744.8,1399.5,468.1,201.1,,38.0,12.0,24.8
47,Ghana,1.0,23,SherzodESANOV,657.2,85.4,226.5,214.9,103.3,27.0,15.0,6.0,26.8
49,Brazil,0.952,3,GABRIELMAGALHAES,10010.8,4427.3,4322.6,910.4,285.9,64.5,85.0,21.0,31.2
49,Brazil,0.952,4,MARQUINHOS,9397.6,4167.3,4136.7,885.2,146.7,61.7,71.0,12.0,27.9
49,Brazil,0.952,5,CASEMIRO,7829.9,2593.0,4147.1,763.3,232.6,93.9,66.0,20.0,29.3
49,Brazil,0.952,7,VINICIUSJUNIOR,10096.1,5019.4,2833.1,1105.4,671.5,466.8,106.0,57.0,33.4
49,Brazil,0.952,8,BRUNOGUIMARAES,12194.6,4232.5,5729.3,1835.4,350.4,47.0,155.0,29.0,28.9
49,Brazil,0.952,9,MATHEUSCUNHA,8303.4,3740.5,2982.6,1176.3,304.0,100.0,96.0,31.0,30.7
49,Brazil,0.952,13,DANILO,9662.4,4217.6,3421.1,1113.9,555.5,354.3,102.0,43.0,34.2
49,Brazil,0.952,16,DOUGLASSANTOS,8964.2,3169.1,4357.7,942.6,294.0,200.7,87.0,22.0,29.3
49,Brazil,0.952,20,LUCASPAQUETA,7650.5,3120.2,3242.6,872.0,345.7,70.0,81.0,27.0,28.8
49,Brazil,0.952,26,RAYAN,8845.5,3628.8,3459.1,1088.8,449.9,218.8,92.0,38.0,33.2
49,Brazil,0.952,6,ALEXSANDRO,1822.5,511.2,837.5,344.3,114.8,14.6,31.0,8.0,26.6
49,Brazil,0.952,10,NEYMARJR,2431.0,732.8,1161.7,379.9,141.2,15.4,33.0,8.0,26.4
49,Brazil,0.952,17,FABINHO,3200.6,1232.6,1497.5,373.5,88.2,8.9,36.0,8.0,27.4
49,Brazil,0.952,19,ENDRICK,1569.0,701.0,463.9,187.5,92.9,123.8,13.0,9.0,33.9
49,Brazil,0.952,22,GABRIELMARTINELLI,3404.7,1220.5,1464.4,437.6,129.1,153.1,36.0,11.0,34.1
52,Bosnia and Herzegovina,1.0,1,Nikola VASILJ,5864.3,4343.1,1414.5,93.3,13.5,,9.0,1.0,22.4
52,Bosnia and Herzegovina,1.0,5,SeadKOLASINAC,10333.5,4483.6,4091.8,986.8,549.7,221.5,80.0,40.0,31.2
52,Bosnia and Herzegovina,1.0,10,ErmedinDEMIROVIC,10399.5,4260.0,4219.8,1065.0,535.5,319.2,88.0,44.0,32.5
52,Bosnia and Herzegovina,1.0,11,Edin DZEKO,6607.3,3389.4,2194.9,688.5,259.9,74.6,58.0,19.0,30.1
52,Bosnia and Herzegovina,1.0,13,IvanBASIC,11488.1,3542.0,5800.5,1753.3,345.4,46.9,144.0,24.0,27.8
52,Bosnia and Herzegovina,1.0,14,Ivan SUNJIC,6148.7,1796.0,3039.6,899.9,333.5,79.8,81.0,24.0,31.2
52,Bosnia and Herzegovina,1.0,18,NikolaKATIC,7248.9,2841.5,3025.2,828.8,414.2,139.1,64.0,26.0,30.4
52,Bosnia and Herzegovina,1.0,19,KerimALAJBEGOVIC,9035.5,3833.8,3637.8,1068.8,374.2,120.9,89.0,35.0,30.8
52,Bosnia and Herzegovina,1.0,20,EsmirBAJRAKTAREVIC,11056.8,3925.4,4807.0,1302.6,707.1,314.7,122.0,57.0,34.4
52,Bosnia and Herzegovina,1.0,21,Stjepan RADELJIC,9901.9,4051.7,4227.8,1142.6,418.6,61.3,107.0,27.0,28.9
52,Bosnia and Herzegovina,1.0,24,ArjanMALIC,5499.0,2003.1,2275.9,693.8,343.1,183.1,58.0,30.0,32.3
52,Bosnia and Herzegovina,1.0,3,DennisHADZIKADUNIC,3338.8,1331.0,1492.9,353.8,114.9,46.3,32.0,11.0,28.3
52,Bosnia and Herzegovina,1.0,6,BenjaminTAHIROVIC,5809.0,1989.3,2409.4,960.8,336.2,113.4,74.0,24.0,30.9
52,Bosnia and Herzegovina,1.0,15,AmarMEMIC,5330.0,2136.5,1957.2,615.6,394.1,226.7,54.0,32.0,31.7
52,Bosnia and Herzegovina,1.0,17,DzenisBURNIC,1721.5,633.1,749.9,216.3,101.5,20.7,22.0,8.0,28.4
52,Bosnia and Herzegovina,1.0,26,Ermin MAHMIC,4063.9,1282.4,1574.7,777.5,286.7,142.6,57.0,23.0,30.3
52,Qatar,1.0,1,MAHMOUDABUNADA,5576.1,4449.3,1051.4,75.4,,,9.0,,18.7
52,Qatar,1.0,2,PEDRO MIGUEL,9086.9,4302.0,3395.4,878.8,397.6,113.1,84.0,32.0,33.4
52,Qatar,1.0,4,ISSALAYE,9493.9,3649.6,4328.7,1214.7,229.2,71.8,110.0,21.0,32.5
52,Qatar,1.0,5,JASSEMGABER,5748.8,1743.0,2759.4,915.1,318.9,12.5,87.0,23.0,25.4
52,Qatar,1.0,8,EDMILSONJUNIOR,8695.0,3526.6,3204.9,1176.4,543.9,243.2,100.0,40.0,32.7
52,Qatar,1.0,10,HASSANALHAYDOS,7187.2,2147.8,3278.7,1329.2,390.8,40.7,130.0,35.0,30.8
52,Qatar,1.0,11,AKRAMAFIF,8775.7,4375.2,2780.5,774.8,562.0,283.1,65.0,44.0,32.8
52,Qatar,1.0,12,KARIMBOUDIAF,8768.3,2878.6,3957.3,1619.9,245.8,66.7,133.0,18.0,28.1
52,Qatar,1.0,16,BOUALEMKHOUKHI,8953.9,4028.8,3456.4,1104.7,253.4,110.6,89.0,27.0,31.6
52,Qatar,1.0,18,SULTANALBRAKE,11058.4,3961.5,4565.9,1527.9,753.4,249.9,135.0,53.0,31.8
52,Qatar,1.0,20,AHMEDFATHY,9782.4,3069.2,3922.4,2171.0,510.7,109.1,172.0,38.0,29.5
52,Qatar,1.0,6,ABDULAZIZHATEM,5827.0,1789.8,2586.5,995.1,424.4,31.1,86.0,28.0,27.1
52,Qatar,1.0,7,AHMEDALAAELDIN,1839.7,626.5,783.8,253.1,136.4,40.0,22.0,12.0,27.3
52,Qatar,1.0,17,AHMEDALGANEHI,4200.6,1663.7,1448.2,609.1,340.5,139.1,51.0,24.0,30.0
52,Qatar,1.0,19,ALMOEZALI,2859.0,1029.2,1271.6,400.3,140.8,17.2,38.0,11.0,26.6
52,Qatar,1.0,26,MOHAMEDMANAI,2190.5,616.9,982.3,468.4,122.9,,38.0,7.0,24.5
54,South Africa,1.0,1,RonwenWILLIAMS,4893.8,4046.5,796.9,38.7,8.3,3.4,3.0,1.0,25.7
54,South Africa,1.0,5,Thalente MBATHA,11220.9,4139.2,4778.0,1654.9,504.5,144.3,145.0,43.0,30.4
54,South Africa,1.0,6,AubreyMODIBA,9984.3,3914.7,4458.5,1002.7,482.5,125.8,90.0,29.0,31.0
54,South Africa,1.0,7,Oswin APPOLLIS,7414.5,2522.2,3200.2,1084.7,463.9,143.6,88.0,37.0,29.0
54,South Africa,1.0,10,RelebohileMOFOKENG,10691.2,2811.4,5488.1,1596.1,653.8,141.8,144.0,43.0,31.0
54,South Africa,1.0,12,ThapeloMASEKO,8523.7,3109.2,3533.1,1061.6,527.0,292.7,96.0,50.0,31.8
54,South Africa,1.0,13,SphepheloSITHOLE,11189.1,3971.9,4668.0,1912.4,545.4,91.4,182.0,39.0,31.1
54,South Africa,1.0,14,MbekezeliMBoKAZI,8994.5,3976.6,3815.4,807.2,276.6,118.6,76.0,25.0,31.0
54,South Africa,1.0,17,EvidenceMAKGOPA,10644.9,4442.6,4303.3,1287.1,463.5,148.4,124.0,34.0,32.5
54,South Africa,1.0,20,Khuliso MUDAU,9443.1,3798.2,4075.1,938.8,389.9,241.1,85.0,43.0,31.8
54,South Africa,1.0,21,Ime OKON,9877.3,4202.0,3969.6,1134.0,425.5,146.1,94.0,38.0,32.3
54,South Africa,1.0,8,TshepangMOREMI,4272.2,1229.4,1929.0,595.8,347.3,170.7,51.0,30.0,33.0
54,South Africa,1.0,15,lqraam RAYNERS,2481.5,1018.8,900.0,279.3,173.8,109.5,28.0,15.0,30.6
54,South Africa,1.0,23,JaydenADAMS,2192.7,612.9,1042.8,375.2,153.4,8.5,30.0,11.0,26.4
55,Ivory Coast,1.0,1,YahiaFOFANA,4602.2,3739.2,828.9,19.2,9.7,5.2,1.0,1.0,26.2
55,Ivory Coast,1.0,2,OusmaneDIOMANDE,8979.4,3981.9,3867.9,770.8,279.0,79.8,75.0,24.0,29.9
55,Ivory Coast,1.0,7,OdilonKOSSOUNOU,9462.5,4037.0,3960.8,891.7,397.3,175.6,81.0,28.0,30.4
55,Ivory Coast,1.0,8,FranckKESSIE,9049.5,3154.0,4159.0,1060.1,474.8,201.7,99.0,31.0,30.9
55,Ivory Coast,1.0,9,Ange-Yoan BONNY,7249.0,3037.0,2971.8,775.1,351.7,113.5,73.0,30.0,29.6
55,Ivory Coast,1.0,11,YanDIOMANDE,6781.0,2854.1,2548.3,827.1,324.2,227.3,70.0,29.0,34.6
55,Ivory Coast,1.0,13,Christopher OPERI,10698.4,3795.7,4588.1,1469.0,657.0,188.6,142.0,55.0,30.8
55,Ivory Coast,1.0,15,AmadDIALLO,4963.7,2096.6,1880.7,564.3,268.0,154.0,52.0,20.0,33.3
55,Ivory Coast,1.0,17,GuelaDOUE,10468.4,3982.3,4108.4,1203.9,767.4,406.3,109.0,58.0,33.8
55,Ivory Coast,1.0,18,IbrahimSANGARE,11136.6,4168.6,4910.9,1464.3,481.0,111.8,131.0,36.0,31.3
55,Ivory Coast,1.0,19,NicolasPEPE,6852.6,3024.5,2285.3,844.0,458.7,240.1,73.0,41.0,33.7
55,Ivory Coast,1.0,4,JeanMichaelSERI,2281.4,648.2,1194.5,314.4,97.6,26.7,28.0,7.0,27.2
55,Ivory Coast,1.0,12,Elye WAHI,2826.7,1105.4,963.9,432.7,208.8,115.9,37.0,19.0,29.5
55,Ivory Coast,1.0,14,Oumar DIAKITE,2889.6,1147.9,1198.8,260.1,118.8,164.0,24.0,11.0,32.1
55,Ivory Coast,1.0,24,BazoumanaToURE,3173.4,976.9,1227.6,617.7,213.2,138.0,40.0,18.0,30.4
55,Ivory Coast,1.0,26,Christ Inao OULAI,5009.2,1849.3,2311.2,623.0,200.8,24.9,58.0,17.0,26.4
58,Tunisia,1.0,16,Aymen DAHMEN,3813.1,3208.4,532.6,72.0,,,7.0,,19.7
58,Tunisia,1.0,2,AliABDI,10148.8,3941.2,4069.6,1348.3,634.1,155.5,127.0,45.0,32.3
58,Tunisia,1.0,3,MontassarTALBI,10017.6,3828.0,4697.0,1138.1,262.0,92.5,100.0,22.0,30.6
58,Tunisia,1.0,9,HazemMASTOURI,10041.1,3896.7,4212.0,1235.7,460.8,235.9,106.0,39.0,34.8
58,Tunisia,1.0,10,Hannibal MEJBRI,10564.8,3689.3,4362.4,1742.0,546.2,225.0,149.0,40.0,31.3
58,Tunisia,1.0,11,Ismael GHARBI,8956.1,2699.5,4317.9,1139.0,573.3,226.4,101.0,34.0,31.0
58,Tunisia,1.0,13,Rani KHEDIRA,8220.1,2442.3,4466.3,1075.5,189.1,46.9,93.0,16.0,28.1
58,Tunisia,1.0,17,Ellyes SKHIRI,9836.9,3988.3,4667.9,878.7,240.8,61.3,77.0,22.0,31.2
58,Tunisia,1.0,20,Yan VALERY,10665.4,3799.2,4649.1,1145.4,658.2,413.5,94.0,43.0,33.1
58,Tunisia,1.0,21,MohamedAmineBENHMIDA,7296.2,2986.0,3463.9,551.3,203.1,92.0,46.0,20.0,33.8
58,Tunisia,1.0,25,Anis SLIMANE,8605.8,2324.1,4333.6,1246.0,504.8,197.3,123.0,36.0,30.3
58,Tunisia,1.0,7,EliasACHOURI,3016.1,1268.5,1033.2,442.3,197.3,74.8,33.0,17.0,30.3
58,Tunisia,1.0,12,MortadhaBENOUANES,3379.0,868.8,1659.0,580.5,196.6,74.2,38.0,18.0,28.6
58,Tunisia,1.0,15,MohamedHADJMAHMOUD,3364.0,1043.6,1530.7,445.8,224.0,119.9,37.0,18.0,29.8
58,Tunisia,1.0,19,FirasCHAOUAT,2418.8,750.6,1061.4,324.4,161.1,121.4,25.0,13.0,34.4
58,Tunisia,1.0,26,SebastianTOUNEKTI,754.4,201.3,361.0,105.8,59.3,27.1,9.0,6.0,29.0
59,United States,1.0,1,MattTURNER,5939.1,4187.0,1514.2,211.5,15.0,11.4,20.0,2.0,28.3
59,United States,1.0,6,Auston TRUSTY,11088.0,3421.5,5530.4,1378.0,495.2,262.9,122.0,37.0,31.9
59,United States,1.0,7,GiovanniREYNA,9909.8,2849.8,4579.7,1845.5,585.9,48.9,159.0,40.0,27.3
59,United States,1.0,8,WestonMcKENNIE,10855.3,3491.9,4501.2,1829.4,693.1,339.7,158.0,43.0,31.3
59,United States,1.0,9,RicardoPEPI,11622.7,3746.8,4820.6,2132.1,666.8,256.4,155.0,52.0,31.4
59,United States,1.0,11,BrendenAARONSON,10271.7,3130.7,4282.5,1566.5,826.6,465.3,127.0,70.0,32.4
59,United States,1.0,12,MilesROBINSON,11909.0,3704.7,5705.2,1651.2,582.8,265.1,134.0,43.0,34.3
59,United States,1.0,14,SebastianBERHALTER,12799.1,3470.8,5811.4,2614.5,774.9,127.5,212.0,46.0,30.7
59,United States,1.0,21,Timothy WEAH,7559.4,2306.4,2917.7,1491.8,655.0,188.4,116.0,50.0,31.1
59,United States,1.0,22,Mark McKENZIE,11338.0,3953.1,4729.0,1704.6,710.3,241.0,148.0,50.0,33.0
59,United States,1.0,23,JoeSCALLY,9540.0,2992.4,4103.0,1432.4,634.8,377.4,137.0,46.0,31.8
59,United States,1.0,2,Sergino DEST,2819.4,740.2,1206.5,533.2,202.5,136.9,40.0,18.0,32.9
59,United States,1.0,10,ChristianPULISIC,4955.8,1594.5,2183.4,738.5,287.8,151.5,67.0,24.0,32.4
59,United States,1.0,16,AlexFREEMAN,2513.3,745.8,1180.0,323.1,167.4,96.9,30.0,11.0,29.8
59,United States,1.0,17,Malik TILLMAN,1432.0,402.0,636.8,295.7,77.0,20.5,22.0,4.0,26.8
59,United States,1.0,26,Alex ZENDEJAS,3064.7,655.7,1416.2,654.9,287.6,50.4,53.0,20.0,27.9
60,Paraguay,1.0,12,Orlando GILL,6144.0,4926.2,1112.9,100.7,4.2,,10.0,,20.4
60,Paraguay,1.0,2,GustavoVELAZQUEZ,8933.4,4111.0,3758.1,749.3,264.8,50.2,70.0,19.0,28.4
60,Paraguay,1.0,3,OmarALDERETE,8292.0,3760.9,3229.7,895.6,324.1,81.7,89.0,29.0,32.1
60,Paraguay,1.0,4,JuanJoseCACERES,10661.4,3979.9,4426.9,1651.4,453.2,150.0,147.0,35.0,32.3
60,Paraguay,1.0,8,DiegoGOMEZ,11147.4,3923.8,4467.8,1787.6,762.2,206.1,150.0,59.0,32.7
60,Paraguay,1.0,14,Andres CUBAS,11613.0,3411.0,5704.8,1890.9,476.3,129.9,166.0,40.0,29.8
60,Paraguay,1.0,15,Gustavo GOMEZ,9012.6,4471.3,3429.8,768.2,227.7,115.6,76.0,18.0,32.3
60,Paraguay,1.0,19,Julio ENCISO,10611.2,3511.7,4491.7,1467.0,732.3,408.6,124.0,61.0,31.2
60,Paraguay,1.0,21,GabrielAVALOS,7969.4,2939.1,3556.9,1033.5,344.2,95.8,80.0,32.0,29.6
60,Paraguay,1.0,23,Matias GALARZA,11215.7,3747.6,4554.9,1776.3,877.0,259.9,154.0,66.0,29.9
60,Paraguay,1.0,26,AlexandroMAIDANA,6055.9,1820.8,2912.3,779.9,373.8,169.1,71.0,25.0,30.6
60,Paraguay,1.0,6,JuniorALONSO,466.9,142.6,211.9,86.4,26.1,,8.0,2.0,23.7
60,Paraguay,1.0,11,MAURICIO,5790.1,1721.4,2651.5,1014.8,317.6,84.8,95.0,27.0,29.8
60,Paraguay,1.0,13,Jose CANALE,1216.8,529.9,558.2,128.7,,,14.0,,19.4
60,Paraguay,1.0,16,DamianBOBADILLA,578.2,165.1,224.8,125.1,60.0,3.1,10.0,5.0,25.4
60,Paraguay,1.0,18,AlexARCE,3357.5,948.4,1354.4,715.2,255.2,84.2,55.0,19.0,29.6
61,Norway,1.0,13,Egil SELVIK,4989.6,4119.4,807.5,58.1,4.6,,5.0,,22.5
61,Norway,1.0,4,Leo OSTIGARD,9964.1,4018.5,4383.8,1008.5,354.4,198.9,82.0,26.0,31.8
61,Norway,1.0,6,PatrickBERG,11681.2,3596.4,5303.8,1719.5,683.5,377.9,148.0,46.0,31.9
61,Norway,1.0,11,JorgenSTRANDLARSEN,9812.0,4390.3,3607.2,1088.4,544.2,181.9,101.0,41.0,30.6
61,Norway,1.0,14,FredrikAURSNES,11145.8,3809.2,4949.3,1426.3,668.1,292.8,128.0,44.0,32.9
61,Norway,1.0,15,FredrikAndreBJORKAN,5776.8,1743.6,2710.8,756.3,399.3,166.8,70.0,29.0,31.0
61,Norway,1.0,18,KristianTHORSTVEDT,6267.2,2172.4,2491.3,1075.7,495.1,32.8,92.0,29.0,27.9
61,Norway,1.0,19,TheloAASGAARD,11185.0,3584.6,5313.6,1533.3,584.2,169.2,127.0,39.0,29.1
61,Norway,1.0,21,AndreasSCHJELDERUP,9325.5,3568.7,3754.3,1308.8,606.6,87.1,119.0,42.0,27.7
61,Norway,1.0,22,OscarBOBB,9082.9,3310.9,3990.4,1274.0,360.4,147.1,111.0,35.0,34.2
61,Norway,1.0,25,Henrik FALCHENER,6892.0,2763.1,2942.1,729.6,269.1,188.2,64.0,23.0,33.2
61,Norway,1.0,2,MortenTHORSBY,6152.6,1753.8,2715.4,1148.2,389.1,146.0,107.0,30.0,29.8
61,Norway,1.0,16,MarCUSHOLMGRENPEDERSEN,5262.5,2281.5,2003.6,521.9,294.0,161.5,47.0,24.0,35.6
61,Norway,1.0,20,AntonioNUSA,1389.8,524.4,557.5,213.2,61.8,32.9,18.0,7.0,30.4
61,Norway,1.0,23,JensPetterHAUGE,1718.7,414.6,754.1,349.5,153.2,47.3,26.0,14.0,29.2
61,Norway,1.0,24,Sondre LANGAS,2880.7,1202.3,1201.6,226.5,122.1,128.3,26.0,11.0,35.5
63,Iran,1.0,1,AlirezaBEIRANVAND,4769.2,4181.7,513.4,64.8,9.3,,6.0,,21.5
63,Iran,1.0,4,ShojaKHALILZADEH,10071.8,4620.0,3924.6,1007.5,425.8,93.9,83.0,29.0,32.0
63,Iran,1.0,5,MiladMOHAMMADI,11393.9,4208.6,4456.0,1495.7,936.5,297.1,124.0,67.0,30.7
63,Iran,1.0,6,SaeidEZATOLAHI,11781.5,3999.1,5601.0,1777.7,394.9,8.8,146.0,21.0,25.8
63,Iran,1.0,8,MohammadMOHEBBI,11066.3,3888.7,3704.1,2336.4,902.2,234.9,183.0,61.0,31.3
63,Iran,1.0,9,MehdiTAREMI,10851.0,4018.7,4505.6,1354.9,711.9,260.0,120.0,56.0,34.0
63,Iran,1.0,13,Hossein KANANI,5372.7,2126.3,2446.1,557.2,190.6,52.5,53.0,13.0,28.1
63,Iran,1.0,14,SamanGHODDOS,8704.3,2401.5,4439.5,1377.9,435.9,49.6,113.0,31.0,28.7
63,Iran,1.0,19,Ali NEMATI,10837.5,4387.7,4406.6,1362.3,450.6,230.2,125.0,35.0,32.4
63,Iran,1.0,21,Mohammad GHORBANI,12481.9,3799.0,5706.0,2110.4,763.9,102.5,191.0,53.0,28.1
63,Iran,1.0,23,RaminREZAEIAN,11922.0,4089.0,4791.3,1908.0,917.0,216.7,168.0,70.0,31.6
63,Iran,1.0,2,SalehHARDANI,5015.5,2238.4,1890.7,557.9,211.0,117.5,55.0,20.0,31.7
63,Iran,1.0,7,AlirezaJAHANBAKHSH,877.2,329.4,332.0,130.6,40.4,44.9,12.0,5.0,29.0
63,Iran,1.0,20,ShahriyarMOGHANLOO,3624.5,1289.8,1499.6,654.9,144.1,36.2,53.0,11.0,28.9
64,Belgium,1.0,1,ThibautCOURTOIS,5099.0,4043.0,898.8,126.1,21.2,10.0,9.0,2.0,26.5
64,Belgium,1.0,3,Arthur THEATE,10534.5,3849.2,5097.6,1207.0,323.4,57.3,94.0,29.0,31.5
64,Belgium,1.0,4,BrandonMECHELE,10930.6,3462.8,5182.7,1807.2,404.6,73.3,153.0,30.0,28.4
64,Belgium,1.0,5,MaximDE CUYPER,11590.5,3665.8,5126.0,1668.5,752.9,377.4,136.0,56.0,31.5
64,Belgium,1.0,7,KevinDEBRUYNE,8972.8,3010.1,3723.1,1466.0,574.7,198.8,109.0,42.0,31.7
64,Belgium,1.0,8,YouriTIELEMANS,10473.7,2909.4,4984.2,1818.6,575.0,186.5,142.0,43.0,29.8
64,Belgium,1.0,10,LeandroTROSSARD,8877.3,2771.7,3846.8,1475.4,572.0,211.5,122.0,50.0,33.2
64,Belgium,1.0,11,Jeremy DOKU,6438.5,2874.0,2136.2,989.8,335.4,103.1,89.0,27.0,34.7
64,Belgium,1.0,17,CharlesDEKETELAERE,9616.7,3510.0,3786.7,1351.3,738.2,230.6,112.0,62.0,31.8
64,Belgium,1.0,20,Hans VANAKEN,11686.0,4000.4,4876.0,1876.7,735.0,197.9,161.0,51.0,29.5
64,Belgium,1.0,21,TimothyCASTAGNE,12587.3,3667.3,5603.6,2019.9,957.4,339.1,170.0,75.0,32.6
64,Belgium,1.0,9,RomeluLUKAKU,1200.9,431.8,460.0,148.8,55.0,105.3,11.0,5.0,30.9
64,Belgium,1.0,22,AlexisSAELEMAEKERS,2932.9,892.9,1252.0,403.0,187.4,197.7,31.0,13.0,32.3
64,Belgium,1.0,23,NicolasRASKIN,1415.8,380.0,673.2,215.3,139.5,7.8,19.0,8.0,25.4
64,Belgium,1.0,24,AmadouONANA,2887.8,884.3,1321.5,479.8,146.5,55.6,40.0,11.0,30.4
64,Belgium,1.0,26,MatiasFERNANDEZ-PARDO,4605.6,1818.1,1561.7,530.1,370.2,325.5,46.0,32.0,34.8
65,Cape Verde,1.0,1,VOZINHA,5170.4,4216.6,848.6,93.2,11.9,,11.0,1.0,20.9
65,Cape Verde,1.0,3,DINEYBORGES,10621.2,4007.3,4738.6,1493.6,348.1,33.7,124.0,26.0,28.8
65,Cape Verde,1.0,4,PICOLOPES,10490.4,3798.9,4814.3,1270.8,420.1,186.3,110.0,40.0,30.9
65,Cape Verde,1.0,6,KEVIN PINA,11035.0,3452.5,5284.5,1672.0,546.3,79.8,143.0,45.0,30.1
65,Cape Verde,1.0,8,JOAOPAULO,10229.5,4126.1,4020.1,1231.5,552.0,299.8,104.0,48.0,32.1
65,Cape Verde,1.0,10,JAMIROMONTEIRO,8440.7,2889.3,3737.7,1139.0,517.1,157.6,105.0,32.0,28.8
65,Cape Verde,1.0,14,DEROYDUARTE,11089.3,3748.1,5180.8,1663.0,370.8,126.6,130.0,30.0,30.9
65,Cape Verde,1.0,17,WILLY SEMEDO,7581.8,2687.6,2978.5,1040.1,622.4,253.3,90.0,48.0,29.8
65,Cape Verde,1.0,19,DAILONLIVRAMENTO,7741.4,2550.9,3646.7,891.3,454.3,198.3,75.0,39.0,34.8
65,Cape Verde,1.0,20,RYAN MENDES,7971.5,2949.6,3059.1,1261.2,524.4,177.1,112.0,44.0,32.0
65,Cape Verde,1.0,24,WAGNERPINA,11150.2,3632.8,4332.9,1593.9,1013.4,577.3,134.0,74.0,32.2
65,Cape Verde,1.0,11,GARRYRODRIGUES,3101.9,888.5,1300.8,545.3,267.7,99.5,49.0,20.0,31.2
65,Cape Verde,1.0,15,LAROSDUARTE,3113.6,853.3,1573.3,447.9,148.6,90.5,42.0,11.0,31.8
65,Cape Verde,1.0,21,NUNODACOSTA,3420.3,1364.2,1409.8,357.3,193.9,95.1,28.0,16.0,30.1
65,Cape Verde,1.0,22,STEVENMOREIRA,277.4,46.7,158.1,68.6,4.0,,7.0,,20.2
65,Cape Verde,1.0,26,HELIO VARELA,4025.9,1177.7,1817.0,652.3,249.0,129.9,58.0,22.0,31.4
65,Saudi Arabia,1.0,21,MOHAMMEDALOWAIS,4360.5,3563.7,763.2,33.7,,,4.0,,18.3
65,Saudi Arabia,1.0,4,ABDULELAHALAMRI,9793.9,4179.9,3571.3,1237.2,574.3,231.2,109.0,46.0,31.6
65,Saudi Arabia,1.0,5,HASSANALTAMBAKTI,2840.0,1070.1,1289.2,353.9,103.0,23.8,32.0,9.0,30.3
65,Saudi Arabia,1.0,6,NASSERALDAWSARI,12459.0,3387.4,5070.6,2687.0,997.1,316.8,216.0,70.0,31.4
65,Saudi Arabia,1.0,9,FERASALBRIKAN,10843.9,4203.7,4211.9,1413.2,723.8,291.3,134.0,60.0,31.5
65,Saudi Arabia,1.0,10,SALEMALDAWSARI,7176.8,2982.4,2551.0,997.8,414.8,230.8,87.0,39.0,32.4
65,Saudi Arabia,1.0,12,SAUDABDULHAMID,10340.7,3859.6,4056.9,1340.0,629.0,455.2,117.0,49.0,32.7
65,Saudi Arabia,1.0,13,NAWAFBUWASHL,8573.4,3188.8,3697.1,990.7,425.9,271.0,82.0,39.0,32.6
65,Saudi Arabia,1.0,15,ABDULLAHALKHAIBARI,6261.2,1682.4,3039.6,1126.5,378.4,34.4,110.0,22.0,28.2
65,Saudi Arabia,1.0,20,SULTANMANDASH,8464.5,2777.6,3384.3,1232.4,789.2,281.1,107.0,50.0,33.1
65,Saudi Arabia,1.0,23,MOHAMEDKANNO,10329.4,4673.4,3491.6,1349.4,619.7,195.4,115.0,48.0,30.9
65,Saudi Arabia,1.0,3,ALI LAJAMI,6813.2,3327.0,2413.1,620.6,366.7,85.8,56.0,21.0,30.6
65,Saudi Arabia,1.0,7,MUSABALJUWAYR,6394.5,1859.3,2875.8,1219.4,406.5,33.6,98.0,28.0,29.5
65,Saudi Arabia,1.0,19,ABDULLAHALHAMDDAN,3783.1,1277.3,1366.7,700.4,373.2,65.4,56.0,26.0,31.6
65,Saudi Arabia,1.0,24,MOTEBALHARBI,1761.6,535.9,641.1,247.2,196.6,140.7,20.0,18.0,33.3
65,Saudi Arabia,1.0,26,MOHAMMEDABUALSHAMAT,3748.4,1070.5,1627.7,678.3,268.8,102.9,58.0,21.0,28.8
69,Austria,1.0,1,AlexanderSCHLAGER,5596.8,3782.2,1437.9,226.4,124.2,26.2,22.0,6.0,26.7
69,Austria,1.0,4,XaverSCHLAGER,5676.7,2087.4,2392.1,977.2,197.2,22.9,86.0,14.0,28.6
69,Austria,1.0,5,StefanPOSCH,10522.4,4337.1,4287.8,1270.3,427.9,199.3,113.0,35.0,28.6
69,Austria,1.0,6,Nicolas SEIWALD,11365.1,3637.6,5837.5,1400.9,374.2,114.9,127.0,26.0,29.5
69,Austria,1.0,7,MarkoARNAUTOVIC,4749.1,2085.2,1917.3,400.7,226.9,119.0,35.0,18.0,30.0
69,Austria,1.0,8,DavidALABA,6802.3,2612.0,3418.1,641.0,131.2,,63.0,8.0,23.7
69,Austria,1.0,9,Marcel SABITZER,10355.8,4582.5,3605.1,1215.2,622.4,330.6,103.0,53.0,31.0
69,Austria,1.0,15,Philipp LIENHART,10213.9,4080.6,4891.3,898.6,284.0,59.3,87.0,25.0,30.4
69,Austria,1.0,16,Phillip MWENE,10431.5,3847.6,4749.5,1084.0,493.6,256.9,93.0,35.0,31.7
69,Austria,1.0,18,Romano SCHMID,5875.4,1688.0,2710.6,1047.4,390.4,39.0,94.0,27.0,27.4
69,Austria,1.0,20,Konrad LAIMER,10888.3,4157.0,4809.5,1257.9,516.9,146.9,120.0,39.0,31.5
69,Austria,1.0,3,Kevin DANSO,3326.7,1336.7,1616.2,289.8,72.4,11.6,24.0,4.0,26.4
69,Austria,1.0,10,FlorianGRILLITSCH,5995.0,2305.7,2729.9,689.0,247.2,23.4,63.0,19.0,26.7
69,Austria,1.0,11,MichaelGREGORITSCH,5373.6,2026.3,2448.1,667.5,231.8,,61.0,20.0,25.0
69,Austria,1.0,14,Sasa KALAJDZIC,263.8,104.8,65.2,43.5,50.3,,4.0,3.0,22.1
69,Austria,1.0,24,Paul WANNER,5849.0,1788.6,3234.3,585.5,179.9,60.8,54.0,13.0,27.7
70,Jordan,1.0,1,YAZEEDABULAILA,4221.0,3662.1,520.2,31.8,6.9,,2.0,1.0,22.5
70,Jordan,1.0,3,ABDALLAHNASIB,9068.7,3853.1,3873.7,986.9,267.3,87.8,85.0,24.0,32.4
70,Jordan,1.0,4,HUSAMABUDAHAB,9659.4,3905.8,3948.1,1099.7,459.6,246.3,100.0,42.0,32.4
70,Jordan,1.0,5,YAZANALARAB,8831.5,3838.0,3791.7,823.2,276.1,102.5,77.0,29.0,30.8
70,Jordan,1.0,8,NOORALRAWABDEH,12305.2,3277.8,6457.7,1937.4,562.5,69.9,181.0,44.0,30.5
70,Jordan,1.0,9,ALIOLWAN,10463.7,3780.0,4868.0,1310.1,332.9,172.6,118.0,27.0,33.4
70,Jordan,1.0,11,ODEHFAKHOURY,5567.2,1746.4,2675.3,853.6,198.9,92.9,78.0,22.0,32.9
70,Jordan,1.0,20,MOHANNADABUTAHA,10526.2,3847.2,4378.4,1431.1,707.5,162.1,130.0,55.0,30.0
70,Jordan,1.0,21,NIZARALRASHDAN,8913.8,2514.9,4952.9,1059.0,303.5,83.4,97.0,24.0,30.2
70,Jordan,1.0,23,EHSANHADDAD,10630.2,4055.6,4609.2,1386.2,497.5,81.8,123.0,30.0,26.7
70,Jordan,1.0,24,ALI AZAIZEH,5804.0,1836.3,2743.8,877.7,302.6,43.5,83.0,24.0,28.1
70,Jordan,1.0,6,AMERJAMOUS,2137.0,535.0,962.5,467.5,152.2,19.8,48.0,10.0,27.1
70,Jordan,1.0,7,MOHAMMADABUZRAIQ,697.4,182.9,311.9,127.2,60.7,14.6,11.0,6.0,26.7
70,Jordan,1.0,10,MOUSAALTAMARI,5270.7,2127.3,1799.1,763.0,375.3,205.9,61.0,29.0,31.6
70,Jordan,1.0,13,MAHMOUDALMARDI,5904.1,1812.6,2524.0,1129.1,366.5,71.9,94.0,27.0,30.1
70,Jordan,1.0,17,SALEEM OBAID,610.5,179.1,292.4,84.0,55.0,,7.0,3.0,24.0
71,Colombia,1.0,12,Camilo VARGAS,4341.9,3640.6,660.8,25.9,12.4,2.1,2.0,1.0,25.1
71,Colombia,1.0,3,Jhon LUCUMI,7985.5,4002.6,2830.5,698.9,304.0,149.4,64.0,24.0,34.1
71,Colombia,1.0,4,SantiagoARIAS,9047.2,3941.6,3184.8,969.9,534.6,416.3,80.0,50.0,32.0
71,Colombia,1.0,7,Luis DIAZ,10476.6,4089.5,4374.1,1344.0,478.9,190.1,108.0,38.0,29.0
71,Colombia,1.0,9,JhonCORDOBA,5867.9,2987.1,2009.0,532.5,233.8,105.5,55.0,21.0,32.1
71,Colombia,1.0,10,JamesRODRIGUEZ,7876.7,3551.1,3325.5,832.8,143.3,24.1,80.0,11.0,26.8
71,Colombia,1.0,11,Jhon ARIAS,7943.3,3503.2,3001.0,864.3,434.8,140.0,74.0,35.0,30.0
71,Colombia,1.0,14,Gustavo PUERTA,11053.6,3905.5,4846.6,1555.7,644.5,101.2,137.0,41.0,30.3
71,Colombia,1.0,16,Jefferson LERMA,7245.9,2157.6,3188.9,1398.4,415.9,85.2,119.0,33.0,27.9
71,Colombia,1.0,22,DeiverMACHADO,10069.1,4321.7,3424.0,1347.4,698.7,277.3,117.0,56.0,34.0
71,Colombia,1.0,23,DavinsonSANCHEZ,8652.1,3953.4,3437.3,803.0,312.3,146.2,67.0,24.0,33.8
71,Colombia,1.0,2,DanieI MUNOZ,1158.0,309.4,438.1,198.0,146.6,65.9,15.0,13.0,31.6
71,Colombia,1.0,5,KevinCASTANO,2192.8,752.3,935.9,337.0,158.4,9.2,31.0,9.0,25.4
71,Colombia,1.0,6,Richard RIOS,3786.7,1533.2,1209.1,699.2,232.6,112.7,55.0,20.0,31.0
71,Colombia,1.0,20,JuanQUINTERO,2192.1,946.4,786.3,312.5,83.7,63.1,27.0,5.0,31.0
71,Colombia,1.0,25,Luis SUAREZ,3092.9,1555.9,968.6,261.4,167.4,139.7,19.0,15.0,34.4
72,DR Congo,0.966,12,AbduvohidNEMATOV,4748.8,3862.3,805.3,75.8,5.5,,9.0,1.0,22.1
72,DR Congo,0.966,2,AbdukodirKHUSANOV,9694.7,4088.6,4254.0,872.3,323.0,156.8,73.0,28.0,33.6
72,DR Congo,0.966,3,Khojiakbar ALIJONOV,10791.3,4186.6,4054.1,1713.6,639.4,197.6,151.0,58.0,29.9
72,DR Congo,0.966,5,RustamASHURMATOV,10073.1,3886.5,4729.6,1075.2,310.1,71.5,102.0,29.0,31.4
72,DR Congo,0.966,6,AkmalMOZGOVOY,9646.7,3476.4,4158.7,1501.6,449.5,60.5,122.0,34.0,29.6
72,DR Congo,0.966,7,OtabekSHUKUROV,7614.1,2476.3,3694.0,1163.3,224.7,55.8,99.0,22.0,29.3
72,DR Congo,0.966,13,Sherzod NASRULLAEV,11150.4,4192.4,4686.0,1455.3,593.8,222.9,123.0,50.0,31.6
72,DR Congo,0.966,14,EldorSHOMURODOV,10420.8,5125.0,3351.0,1020.4,572.0,352.4,87.0,57.0,32.7
72,DR Congo,0.966,17,DostonbekKHAMDAMOV,7875.3,2344.4,3739.6,1208.5,498.6,84.3,109.0,38.0,28.4
72,DR Congo,0.966,22,AbbosbekFAYZULLAEV,8738.0,2829.1,3554.2,1471.0,706.9,176.8,131.0,62.0,32.2
72,DR Congo,0.966,26,JakhongirUROZOV,8831.5,3391.0,4047.1,939.7,397.4,56.2,86.0,31.0,28.8
72,DR Congo,0.966,8,JamshidISKANDEROV,2148.9,518.4,1091.1,412.9,106.8,19.8,34.0,8.0,28.4
72,DR Congo,0.966,11,OstonURUNOV,3034.7,1107.2,1175.8,492.1,195.2,64.5,33.0,16.0,29.2
72,DR Congo,0.966,19,Azizjon GANIEV,4443.0,1673.1,1746.2,651.9,291.8,80.0,57.0,24.0,27.2
72,DR Congo,0.966,21,lgor SERGEEV,1991.0,553.7,946.2,385.9,105.1,,33.0,10.0,24.7
